OBJECTID,ID,NAME,ADDRESS,DEPARTMENT,INSTALL_YEAR,PS_14,PS_32,VDRVP_W_S,TOTAL_SITE_SERVERS,MONITOR,EXTERIOR_CAM,INTERIOR_CAM,PTZ_CAM,TOTAL_STATIONARY_CAM,TOTAL_SITE_CAMERA,TOTAL_SITE_CAMERA2,AVAILABLE_CAMERA_PORT,WEB_URL,DESCRIPTION,X,Y,LATITUDE,LONGITUDE,OBJECTID_1,POINT_X,POINT_Y,INSTALL_YE,TOTAL_SITE,EXTERIOR_C,INTERIOR_C,TOTAL_STAT,TOTAL_SI_1,TOTAL_SI_2,AVAILABLE_,DESCRIPTIO
,141,CCTV,100 block M St NW,MPD, , , , , , , , , , , , , , ,Neighborhood,399118.6668,137545.534,38.905767,-77.010161,1,,,,,,,,,,,
,142,CCTV,1500 block 1st St SW,MPD, , , , , , , , , , , , , , ,Neighborhood,398948.3372,133787.2747,38.871911,-77.012119,2,,,,,,,,,,,
,143,CCTV,15th & East Capitol St SE,MPD, , , , , , , , , , , , , , ,Neighborhood,401428.790401,135765.157001,38.889728,-76.983531,3,,,,,,,,,,,
,144,CCTV,18th & D St NE,MPD, , , , , , , , , , , , , , ,Neighborhood,401827.3088,136315.948899,38.894689,-76.978936,4,,,,,,,,,,,
,145,CCTV,19th St & Rosedale St NE,MPD, , , , , , , , , , , , , , ,Neighborhood,401987.039799,136567.3093,38.896953,-76.977094,5,,,,,,,,,,,
,146,CCTV,200 block of K St SW ,MPD, , , , , , , , , , , , , , ,Neighborhood,398776.541999,134513.177699,38.87845,-77.0141,6,,,,,,,,,,,
,452, 10S,"I-395, CAMERA DIR - SOUTH",DDOT, , , , , , , , , , , , , , , ,398760.682638,135602.266973,38.888261,-77.014285,7,,,,,,,,,,,
,453,3N,"I-395, CAMERA DIR - NORTH",DDOT, , , , , , , , , , , , , , , ,398800.356981,135535.063492,38.887656,-77.013827,8,,,,,,,,,,,
,454,12S,"I-395, CAMERA DIR - SOUTH",DDOT, , , , , , , , , , , , , , , ,398823.028034,135389.321003,38.886343,-77.013566,9,,,,,,,,,,,
,455,Takoma Community Center,300 Van Buren St. NW,DPR, , , , , , ,1,7,0, ,8, , , , ,398435.640497,144552.480001,38.968887,-77.018052,10,,,,,,,,,,,
,456,Harvard Towers,1845 Harvard St NW,DCHA, , , , , , ,8,41, , , , , , , ,396251.079993,140058.040003,38.928393,-77.043235,11,,,,,,,,,,,
,457,Knox Hill,2700 Jasper St SE,DCHA, , , , , , , ,37, , , , , , , ,402672.649995,131606.429996,38.852262,-76.96921,12,,,,,,,,,,,
,458,Potomac Gardens,1225 G Street SE,DCHA, , , , , , ,19, , , , , , , , ,400934.829994,134805.890003,38.881087,-76.989226,13,,,,,,,,,,,
,459,DCHA HQ,1133 North Capitol St NE,DCHA, , , , , , ,5, , , , , , , , ,399284.909998,137468.439997,38.905073,-77.008244,14,,,,,,,,,,,
,460,Evans Middle School,5600 East Capitol St NE,DCPS,1999, , , , , ,7,44, , ,51, , , , ,406885.340499,135830.53,38.890291,-76.920635,15,,,,,,,,,,,
,461,Logan Annex,215 G Street NE,DCPS,2003, , , , , ,8,6, , ,14, , , , ,399777.369625,136742.120376,38.89853,-77.002566,16,,,,,,,,,,,
,462,Phelps High School,704 26TH Street NE,DCPS,1999, , , , , ,10,79, , ,51, , , , ,402437.6395,137126.77,38.901992,-76.971898,17,,,,,,,,,,,
,463,Wheatley Elementary School,1375 Mount Olivet Road NE,DCPS,1999, , , , , , ,14, , ,74, , , , ,401636.150497,137801.709999,38.908074,-76.981136,18,,,,,,,,,,,
,464,CCTV-0043,Canal Rd. and Foxhall Rd. N.W.,DDOT, , , , , , ,1, , , , , , , , ,393132.801494,137569.248999,38.905954,-77.079173,19,,,,,,,,,,,
,465,Eaton Elementary School,3301 LOWELL STREET NW,DCPS,2005,0,0,1,1,2,7,18,0,25,25,32,7, , ,394293.040495,140540.299996,38.932727,-77.065821,20,,,,,,,,,,,
,466,CCTV-0127,Massachussetts Ave and Whitehaven St N.W.,DDOT, , , , , , ,1, , , , , , , , ,394835.378493,138979.388999,38.918669,-77.059554,21,,,,,,,,,,,
,467,CCTV-0098,Connecticut Ave. and Cathedral N.W.,DDOT, , , , , , ,1, , , , , , , , ,395303.355497,140024.672997,38.928088,-77.054165,22,,,,,,,,,,,
,468,1N,"I-395, CAMERA DIR - NORTH",DDOT, , , , , , , , , , , , , , , ,398905.615445,135326.975604,38.885781,-77.012614,23,,,,,,,,,,,
,469,6S,"I-395, CAMERA DIR - SOUTH",DDOT, , , , , , , , , , , , , , , ,398767.160082,136090.909148,38.892663,-77.014211,24,,,,,,,,,,,
,470,7S,"I-395, CAMERA DIR - SOUTH",DDOT, , , , , , , , , , , , , , , ,398765.54072,135980.38776,38.891667,-77.014229,25,,,,,,,,,,,
,471,6N,"I-395, CAMERA DIR - NORTH",DDOT, , , , , , , , , , , , , , , ,398776.066568,135888.084184,38.890836,-77.014108,26,,,,,,,,,,,
,472,5N,"I-395, CAMERA DIR - NORTH",DDOT, , , , , , , , , , , , , , , ,398778.495607,135777.157959,38.889836,-77.01408,27,,,,,,,,,,,
,473,11S,"I-395, CAMERA DIR - SOUTH",DDOT, , , , , , , , , , , , , , , ,398781.734329,135495.389147,38.887298,-77.014042,28,,,,,,,,,,,
,474,2N,"I-395, CAMERA DIR - NORTH",DDOT, , , , , , , , , , , , , , , ,398845.69909,135428.995346,38.8867,-77.013305,29,,,,,,,,,,,
,475,CCTV-0072,19th St. and K St. N.W.,DDOT, , , , , , ,1, , , , , , , , ,396229.423497,137187.335004,38.902533,-77.043469,30,,,,,,,,,,,
,476,CCTV-0109,17th St. and E St. N.W.,DDOT, , , , , , ,1, , , , , , , , ,396575.4575,136395.211996,38.895398,-77.039476,31,,,,,,,,,,,
,477,CCTV-0107,16th St. and Scott Cir. N.W.,DDOT, , , , , , ,1, , , , , , , , ,396831.056501,137688.829002,38.907053,-77.036536,32,,,,,,,,,,,
,478,CCTV-0115,14th St and H St. N.W.,DDOT, , , , , , ,1, , , , , , , , ,397225.9765,136928.557,38.900205,-77.03198,33,,,,,,,,,,,
,479,CCTV-0116,14th St. and New York Ave N.W.,DDOT, , , , , , ,1, , , , , , , , ,397227.997493,136839.666004,38.899404,-77.031956,34,,,,,,,,,,,
,480,CCTV-0119,13th St. and I St. N.W.,DDOT, , , , , , ,1, , , , , , , , ,397428.262496,137053.188003,38.901328,-77.029648,35,,,,,,,,,,,
,481,Thomson Elementary School,1200 L STREET NW,DCPS,2006,0,1,0,1,2,3,20,0,23,24,32,9, , ,397533.990501,137293.770001,38.903496,-77.02843,36,,,,,,,,,,,
,482,CCTV-0001,Georgia Ave. and New Hampshire Ave. N.W.,DDOT, , , , , , ,1, , , , , , , , ,397892.073495,140939.221997,38.936336,-77.024313,37,,,,,,,,,,,
,483,CCTV-0029, ,DDOT, , , , , , ,1, , , , , , , , ,399885.616496,128166.926,38.821281,-77.001317,38,,,,,,,,,,,
,484,LaSalle Elementary School,501 RIGGS ROAD NE,DCPS,1999,1,0,0,1,1,3,11,0,14,16,14,0, , ,400010.180493,143562.690004,38.959972,-76.999883,39,,,,,,,,,,,
,485,M.L. King Elementary School,3200 6TH STREET SE,DCPS,1999,0,1,0,1,1,2,12,0,14,14,32,18, , ,400152.880497,130516.029998,38.842443,-76.998239,40,,,,,,,,,,,
,486,Rudolph Elementary School,5200 2ND STREET NW,DCPS,2003,0,1,0,1,1,4,10,0,14,14,32,18, , ,398802.190493,142887.489999,38.953889,-77.013819,41,,,,,,,,,,,
,487,King Greenleaf Recreation Center,201 N St. SW,DPR, , , , , , ,2, ,4, ,6, , , , ,398889.939497,134131.94,38.875016,-77.012793,42,,,,,,,,,,,
,488,CCTV-0004,S. Capitol and M St.,DDOT, , , , , , ,1, , , , , , , , ,399210.507493,134293.191004,38.876469,-77.009098,43,,,,,,,,,,,
,489,Lamond Recreation Center,20 Tuckerman St. NE,DPR, , , , , , , , ,0, ,15, , , , ,399286.429501,144429.410003,38.967779,-77.008234,44,,,,,,,,,,,
,490,CCTV-0077,1st St. and H St. N.E.,DDOT, , , , , , ,1, , , , , , , , ,399520.215498,136929.876995,38.900221,-77.005531,45,,,,,,,,,,,
,199,CCTV,5300 block Clay Terrace NE,MPD, , , , , , , , , , , , , , ,Neighborhood,406618.3776,136291.3067,38.894444,-76.923708,46,,,,,,,,,,,
,200,CCTV,2600 block Birney Place SE,MPD, , , , , , , , , , , , , , ,Neighborhood,400266.8988,132113.440899,38.856833,-76.996925,47,,,,,,,,,,,
,201,CCTV,13th Pl SE & Congress St SE,MPD, , , , , , , , , , , , , , ,Neighborhood,401087.089801,130467.276401,38.842003,-76.987478,48,,,,,,,,,,,
,202,CCTV,1500 Block of Butler St SE,MPD, , , , , , , , , , , , , , ,Neighborhood,401400.981399,132596.219699,38.861181,-76.983858,49,,,,,,,,,,,
,203,CCTV,2300 block Pitts Place SE,MPD, , , , , , , , , , , , , , ,Neighborhood,401245.739699,132421.5794,38.859608,-76.985647,50,,,,,,,,,,,
,204,CCTV,2400-2500 block Elvans Rd SE,MPD, , , , , , , , , , , , , , ,Neighborhood,401192.0144,131847.1089,38.854433,-76.986267,51,,,,,,,,,,,
,205,CCTV,2400-2500 block Elvans Rd SE,MPD, , , , , , , , , , , , , , ,Neighborhood,400889.0005,131826.4218,38.854247,-76.989758,52,,,,,,,,,,,
,206,CCTV,4200 block of 4th St SE,MPD, , , , , , , , , , , , , , ,Neighborhood,399937.740899,128793.774801,38.826928,-77.000717,53,,,,,,,,,,,
,207,CCTV,Ainger & Langston Places SE,MPD, , , , , , , , , , , , , , ,Neighborhood,402449.824399,132122.473701,38.856911,-76.971775,54,,,,,,,,,,,
,208,CCTV,Congress St & Savannah Pl SE,MPD, , , , , , , , , , , , , , ,Neighborhood,401255.6683,130561.9902,38.842856,-76.985536,55,,,,,,,,,,,
,209,CCTV,Stevens & Wade Roads SE,MPD, , , , , , , , , , , , , , ,Neighborhood,400169.249399,132275.6198,38.858294,-76.99805,56,,,,,,,,,,,
,210,CCTV,"Wisconsin Ave & M Street, NW",MPD, , , , , , , , , , , , , , ,Homeland Security,394536.4966,137494.863,38.905294,-77.062989,57,,,,,,,,,,,
,211,CCTV,"3600 block of M Street, NW",MPD, , , , , , , , , , , , , , ,Homeland Security,393966.4432,137475.295399,38.905114,-77.069561,58,,,,,,,,,,,
,212,CCTV,200 block of Constitution Ave NW,MPD, , , , , , , , , , , , , , ,Homeland Security,398705.906399,136077.176901,38.892539,-77.014917,59,,,,,,,,,,,
,213,CCTV,19th St & Dupont Cir NW,MPD, , , , , , , , , , , , , , ,Homeland Security,396211.2448,137902.8386,38.908978,-77.043683,60,,,,,,,,,,,
,214,CCTV,1300 block of Wisconsin Ave NW,MPD, , , , , , , , , , , , , , ,Homeland Security,394508.9643,137692.254599,38.907072,-77.063308,61,,,,,,,,,,,
,215,CCTV,Pennsylvania Ave & 15th St NW,MPD, , , , , , , , , , , , , , ,Homeland Security,397110.775899,136541.389201,38.896717,-77.033306,62,,,,,,,,,,,
,216,CCTV,700 block of 19th Str NW,MPD, , , , , , , , , , , , , , ,Homeland Security,396171.4231,136803.2115,38.899072,-77.044136,63,,,,,,,,,,,
,217,CCTV,800 block of Vermont Ave NW,MPD, , , , , , , , , , , , , , ,Homeland Security,396935.269,136948.188499,38.900381,-77.035331,64,,,,,,,,,,,
,218,CCTV,400 block of L’Enfant Plaza SW,MPD, , , , , , , , , , , , , , ,Homeland Security,397762.503301,135280.240201,38.885358,-77.025789,65,,,,,,,,,,,
,219,CCTV,1000 block of Vermont Ave NW,MPD, , , , , , , , , , , , , , ,Homeland Security,397057.067799,137211.453401,38.902753,-77.033928,66,,,,,,,,,,,
,220,CCTV,1100 block of Pennsylvania Ave NW,MPD, , , , , , , , , , , , , , ,Homeland Security,397618.1836,136317.6504,38.894703,-77.027456,67,,,,,,,,,,,
,221,CCTV,1000 block of Nineteenth St North,MPD, , , , , , , , , , , , , , ,Homeland Security,394035.442,136610.268199,38.897322,-77.068758,68,,,,,,,,,,,
,222,CCTV,1000 block of Jefferson Dr SW,MPD, , , , , , , , , , , , , , ,Homeland Security,397790.375199,135667.871501,38.88885,-77.025469,69,,,,,,,,,,,
,223,CCTV,500 block of North Capitol St NW,MPD, , , , , , , , , , , , , , ,Homeland Security,399211.114801,136539.347401,38.896703,-77.009094,70,,,,,,,,,,,
,224,CCTV,300 block of Independence Ave SW,MPD, , , , , , , , , , , , , , ,Homeland Security,398717.431799,135462.635701,38.887003,-77.014783,71,,,,,,,,,,,
,225,CCTV,700 block of 18th St NW,MPD, , , , , , , , , , , , , , ,Homeland Security,396317.9553,136845.991099,38.899458,-77.042447,72,,,,,,,,,,,
,226,CCTV-0095,New York Ave. and Montana Ave. N.E.,DDOT, , , , , , ,1, , , , , , , , ,401867.498497,138812.952995,38.917183,-76.978466,73,,,,,,,,,,,
,227,Gibbs Elementary School,500 19TH STREET NE,DCPS,1999,1,0,0,1,2,3,11,0,14,14,14,0, , ,401946.869495,136540.640004,38.896713,-76.977557,74,,,,,,,,,,,
,228,Langdon Elementary School,1900 EVARTS STREET NE,DCPS,2003,0,1,0,1,1,5,9,0,14,17,32,18, , ,401987.320502,139647.880004,38.924704,-76.977082,75,,,,,,,,,,,
,229,Orr Elementary School,2200 MINNESOTA AVENUE SE,DCPS,2003,0,1,0,1,1,3,11,0,14,14,32,18, , ,402214.230501,133774.839999,38.871797,-76.974484,76,,,,,,,,,,,
,230,CCTV-0021,New York Ave. and Bladensburg Rd. N.E.,DDOT, , , , , , ,1, , , , , , , , ,402389.017498,138835.040999,38.917381,-76.972452,77,,,,,,,,,,,
,231,V Street HQ,3535 V Street NE,DCPS,1999, , , , , ,5,27, , ,32, , , , ,403707.070498,138929.830001,38.91823,-76.957253,78,,,,,,,,,,,
,232,Young Elementary School,820 26TH STREET NE,DCPS,1999,2,0,0,2,2,2,12,0,14,14,28,14, , ,402496.780499,137030.930004,38.901128,-76.971216,79,,,,,,,,,,,
,233,Spingarn Center @ Spingarn Senior High School,2500 BENNING ROAD NE,DCPS, , , , , , ,4,24, , ,28, , , , ,402516.700498,136805.15,38.899094,-76.970987,80,,,,,,,,,,,
,234,Spingarn STAY Senior High School,2500 BENNING ROAD NE,DCPS, , , , , , , , , , , , , , , ,402516.700498,136805.15,38.899094,-76.970987,81,,,,,,,,,,,
,235,Spingarn Senior High School,2500 BENNING ROAD NE,DCPS,1999,0,1,0,1,2,2,12,0,28,48,32,4, , ,402516.700498,136805.15,38.899094,-76.970987,82,,,,,,,,,,,
,236,Garfield Elementary School,2435 ALABAMA AVENUE SE,DCPS,2003,0,1,0,1,1,4,10,0,14,14,32,18, , ,402534.220494,131547.710004,38.851733,-76.970805,83,,,,,,,,,,,
,237,Browne Junior High School,850 26TH STREET NE,DCPS,1999,0,1,0,1,2,3,26,1,28,44,32,3, , ,402544.360501,137194.169997,38.902599,-76.970667,84,,,,,,,,,,,
,238,Browne Center @ Browne Junior High School,850 26TH STREET NE,DCPS, , , , , , , , , , , , , , , ,402544.360501,137194.169997,38.902599,-76.970667,85,,,,,,,,,,,
,239,Stanton Elementary School,2701 NAYLOR ROAD SE,DCPS,1999,1,0,0,1,2,2,12,0,14,14,14,0, , ,402721.561494,132385.544996,38.85928,-76.968643,86,,,,,,,,,,,
,240,Randle Highlands Elementary School,1650 30TH STREET SE,DCPS,2003,0,1,0,1,1,4,15,0,19,26,32,13, , ,403092.380494,133545.150005,38.869725,-76.964366,87,,,,,,,,,,,
,241,CCTV-0092,Rhode Island Ave. and Eastern Ave.,DDOT, , , , , , ,1, , , , , , , , ,403169.847501,140813.251995,38.935198,-76.963439,88,,,,,,,,,,,
,242,Winston Educational Center,3100 ERIE STREET SE,DCPS,1999,0,1,0,1,1,2,14,0,16,16,32,16, , ,403227.9805,132183.19,38.857455,-76.962809,89,,,,,,,,,,,
,243,Hillcrest Recreation Center,3100 Denver St. SE,DPR, , , , , , ,10,5,0, ,15, , , , ,403243.369497,132310.930002,38.858606,-76.962631,90,,,,,,,,,,,
,244,DC-DMV @ Georgetown,"3222 M Street, NW",PSD, , , , , , , ,20, , ,20, , , , ,394471.299495,137461.790004,38.904996,-77.06374,91,,,,,,,,,,,
,245,DC-DMV @ 1205-1207 Brentwood Road,"1205 Brentwood Road, NE",PSD, , , , , , ,6,3, , ,9, , , , ,400881.969495,139147.840003,38.920201,-76.98983,92,,,,,,,,,,,
,246,DC-DMV @ 1233 Brentwood Road,"1233 Brentwood Road, NE",PSD, , , , , , ,2,13, , ,15, , , , ,400935.590495,139181.300005,38.920502,-76.989211,93,,,,,,,,,,,
,247,"DC-DMV @ 301 C Street, NW","301 C Street, NW",PSD, , , , , , ,29, , , ,29, , , , ,398565.820496,136228.179998,38.893899,-77.016532,94,,,,,,,,,,,
,248,"DC-DMV @ 95 M Street, SW","95 M Street, SW",PSD, , , , , , ,8,24, , ,32, , , , ,398972.810494,134387.209998,38.877315,-77.011838,95,,,,,,,,,,,
,249,"CFSA @ 400 6th Street, SW","400 6th Street, SW",PSD, , , , , , ,6,21, , ,27, , , , ,398316.619502,135186.059998,38.884511,-77.019402,96,,,,,,,,,,,
,250,"DHS @ 1207 Taylor Street, NW","1207 Taylor Street, NW",PSD, , , , , , ,3,7, , ,10, , , , ,397637.780497,141468.809997,38.941106,-77.027248,97,,,,,,,,,,,
,251,"DHS @ 2100 MLK Blvd, SE","2100 Martin Luther King Jr. Ave, SE",PSD, , , , , , ,3,8, , ,11, , , , ,400934.009494,133068.700004,38.865438,-76.989238,98,,,,,,,,,,,
,252,"DOES @ 609-625 H-Street, NE","609 H Street, NE",PSD, , , , , , ,4,12, , ,16, , , , ,400174.189501,136907.019996,38.900015,-76.997992,99,,,,,,,,,,,
,253,"DMH @ 821 Howard Road, SE","821 Howard Road, SE",PSD, , , , , , ,6,3, , ,9, , , , ,400169.369498,132911.510002,38.864022,-76.998048,100,,,,,,,,,,,
,254,"OCTO: ODC-2 @ 222 Mass Ave, NW","222 Mass Ave, NW",PSD, , , , , , ,5,5, , ,10, , , , ,398706.710496,136838.069998,38.899393,-77.014909,101,,,,,,,,,,,
,255,Adams Elementary School,2000 Adams Place NE,DCPS,1999, , , , , ,2,12, , ,14, , , , ,402059.652336,139019.611119,38.919044,-76.97625,102,,,,,,,,,,,
,256,Adams Place Bus Lot,2000 Adams Place NE,DCPS,1999, , , , , , ,5, , ,5, , , , ,402143.507413,138979.406629,38.918682,-76.975283,103,,,,,,,,,,,
,257,Adams Place Warehouse,2000 Adams Place NE,DCPS,1999, , , , , ,4,10, , ,14, , , , ,402059.652336,139019.611119,38.919044,-76.97625,104,,,,,,,,,,,
,258,DMH @ 1250 U-Street NW,1250 U Street NW,PSD, , , , , , , , , , , , , , , ,397481.939497,138760.450001,38.916708,-77.029035,105,,,,,,,,,,,
,259,"DC General Health Campus, Bldg 1","1900 Massachusetts Avenue, SE",PSD, , , , , , , ,14, , ,14, , , , ,402119.229496,135264.83,38.885219,-76.975574,106,,,,,,,,,,,
,260,OCFO @ 301 C-Street,301 C Street NW,PSD, , , , , , , ,11, , ,11, , , , ,398565.820496,136228.179998,38.893899,-77.016532,107,,,,,,,,,,,
,261,Transportation Bus Lot  - 5th Street,2115 5th Street NE,DCPS,2005,1,0,0,1,1,6,6,0,12,12,14,2, , ,400070.470501,138973.52,38.918631,-76.999187,108,,,,,,,,,,,
,262,Transportation Bus Lot - L Street,2nd Street & L Street SE,DCPS,1999,2,0,0,2,1,5,0,0,5,5,28,23, , ,399715.4635,134434.542997,38.877742,-77.003279,109,,,,,,,,,,,
,263,William H. Rumsey Aquatic Center,635 Nth Carolina Ave. SE,DPR, , , , , , ,0,4,0, ,4, , , , ,400257.7895,135416.139998,38.886585,-76.997029,110,,,,,,,,,,,
,264,John Wilson Building,"1350 Pennsylvania Avenue, NW",PSD, , , , , , , ,36, , ,36, , , , ,397280.140501,136350.990002,38.895002,-77.031353,111,,,,,,,,,,,
,265,DC-DMV @ Penn Branch,"3220 Pennsylvania Avenue, SE",PSD, , , , , , ,16, , , ,16, , , , ,403495.500495,133555.820003,38.86982,-76.95972,112,,,,,,,,,,,
,266,CCTV,100 Block M St NW,MPD, , , , , , , , , , , , , , ,Neighborhood,398887.814461,137533.082334,38.905655,-77.012823,113,,,,,,,,,,,
,267,CCTV,Wisconsin Ave NW and M St NW,MPD, , , , , , , , , , , , , , ,Homeland Security,394551.88585,137481.823229,38.905177,-77.062811,114,,,,,,,,,,,
,268,Static,East Capitol St NE and Benning Rd NE,MPD, , , , , , , , , , , , , , ,Red Light,405418.542979,135771.724252,38.889772,-76.937543,115,,,,,,,,,,,
,269,CCTV,600 block of I St NW,MPD, , , , , , , , , , , , , , ,Neighborhood,398186.229661,137001.850524,38.900868,-77.02091,116,,,,,,,,,,,
,270,CCTV,14th & Parkwood Pl NW,MPD, , , , , , , , , , , , , , ,Neighborhood,397162.03001,140823.980001,38.935296,-77.032733,117,,,,,,,,,,,
,271,CCTV,1300 block of Columbia Rd NW,MPD, , , , , , , , , , , , , , ,Neighborhood,397302.282525,139967.527519,38.927581,-77.031112,118,,,,,,,,,,,
,272,CCTV,Kalorama & Champlain St NW,MPD, , , , , , , , , , , , , , ,Neighborhood,396465.718746,139109.35939,38.919848,-77.040755,119,,,,,,,,,,,
,273,CCTV,Colorado & Kennedy St NW,MPD, , , , , , , , , , , , , , ,Neighborhood,397102.746459,143145.929601,38.956213,-77.033426,120,,,,,,,,,,,
,274,CCTV,Wheeler Rd & Bellevue St SE,MPD, , , , , , , , , , , , , , ,Neighborhood,401020.339999,129429.270005,38.832652,-76.988248,121,,,,,,,,,,,
,275,CCTV,Monttello Ave & Mt Olivet Rd NE,MPD, , , , , , , , , , , , , , ,Safe Cities,401301.690015,138037.710014,38.9102,-76.984992,122,,,,,,,,,,,
,276,CCTV,Monttello Ave & Queen St NE,MPD, , , , , , , , , , , , , , ,Safe Cities,401113.090016,137689.419997,38.907063,-76.987167,123,,,,,,,,,,,
,277,CCTV,Trinidad Ave & Meigs Pl NE,MPD, , , , , , , , , , , , , , ,Safe Cities,401430.530014,137698.810013,38.907147,-76.983507,124,,,,,,,,,,,
,278,CCTV,Trinidad Ave & Mt Olivet Rd NE,MPD, , , , , , , , , , , , , , ,Safe Cities,401542.630015,137904.539997,38.909,-76.982214,125,,,,,,,,,,,
,279,CCTV,1500 block Levis St NE,MPD, , , , , , , , , , , , , , ,Safe Cities,401551.99872,137402.149054,38.904474,-76.982107,126,,,,,,,,,,,
,280,CCTV,Bladensburg Rd & Neal St NE,MPD, , , , , , , , , , , , , , ,Safe Cities,401533.518304,137098.104765,38.901736,-76.982321,127,,,,,,,,,,,
,281,CCTV,Holbrook St & Neal St NE,MPD, , , , , , , , , , , , , , ,Safe Cities,401393.970016,137174.570013,38.902425,-76.98393,128,,,,,,,,,,,
,282,CCTV,Montello Ave & Morse St NE,MPD, , , , , , , , , , , , , , ,Safe Cities,400905.639998,137309.219997,38.903638,-76.989559,129,,,,,,,,,,,
,283,CCTV,Staples St & Oats St NE,MPD, , , , , , , , , , , , , , ,Safe Cities,401383.54,137312.610012,38.903668,-76.984049,130,,,,,,,,,,,
,284,CCTV,14th St & U St NW,MPD, , , , , , , , , , , , , , ,Red Light,397229.130012,138792.679999,38.916998,-77.031951,131,,,,,,,,,,,
,285,CCTV,New York Ave & 4th St NW,MPD, , , , , , , , , , , , , , ,Red Light,398596.559998,137447.010013,38.904879,-77.01618,132,,,,,,,,,,,
,286,CCTV,East Captiol St  & Benning Rd NE,MPD, , , , , , , , , , , , , , ,Red Light,405418.542979,135771.724252,38.889772,-76.937543,133,,,,,,,,,,,
,287,CCTV,Pennsylvania Ave & Minnesota Ave SE,MPD, , , , , , , , , , , , , , ,Red Light,402547.051136,133959.964571,38.873464,-76.970648,134,,,,,,,,,,,
,288,CCTV,New York Ave & Bladensburg Rd NE,MPD, , , , , , , , , , , , , , ,Red Light,402390.133952,138829.281501,38.917329,-76.972439,135,,,,,,,,,,,
,316,CCTV-0039,Dupont Circle N.W.,DDOT, , , , , , ,1, , , , , , , , ,396230.405497,137968.199998,38.909567,-77.043462,136,,,,,,,,,,,
,317,CCTV-0120,18th St. and I St. N.W.,DDOT, , , , , , ,1, , , , , , , , ,396381.513496,137053.813004,38.90133,-77.041715,137,,,,,,,,,,,
,318,Bancroft Elementary School,1755 NEWTON STREET NW,DCPS,1999,1,0,0,1,2,4,12,0,16,18,14,2, , ,396483.9295,140715.669997,38.934318,-77.040553,138,,,,,,,,,,,
,319,Ross Elementary School,1730 R STREET NW,DCPS,2003,0,1,0,1,1,1,13,0,14,14,32,18, , ,396560.150494,138281.530005,38.912391,-77.039662,139,,,,,,,,,,,
,320,CCTV-0093,17th St. and Constitution Ave. N.W.,DDOT, , , , , , ,1, , , , , , , , ,396575.006493,136029.115002,38.8921,-77.03948,140,,,,,,,,,,,
,321,CCTV-0110,17th St. (W) and Pennsylvania Ave.,DDOT, , , , , , ,1, , , , , , , , ,396577.477501,136774.008,38.898811,-77.039455,141,,,,,,,,,,,
,322,CCTV-0002,Connecticut Ave. / K St. /17th St. N.W.,DDOT, , , , , , ,1, , , , , , , , ,396577.767494,137183.619004,38.902501,-77.039454,142,,,,,,,,,,,
,323,CCTV-0121,17th St. (W) and I St. N.W.,DDOT, , , , , , ,1, , , , , , , , ,396579.2945,137054.132997,38.901334,-77.039435,143,,,,,,,,,,,
,324,CCTV-0113,Connecticut Ave and H St. N.W.,DDOT, , , , , , ,1, , , , , , , , ,396705.763501,136930.578003,38.900222,-77.037977,144,,,,,,,,,,,
,325,CCTV-0122,16th St. and I St. N.W.,DDOT, , , , , , ,1, , , , , , , , ,396830.008498,137054.823,38.901341,-77.036545,145,,,,,,,,,,,
,326,CCTV-0059,16th St. and K St. N.W.,DDOT, , , , , , ,1, , , , , , , , ,396830.6555,137186.125996,38.902524,-77.036538,146,,,,,,,,,,,
,327,CCTV-0013,16th St. and U St. N.W.,DDOT, , , , , , ,1, , , , , , , , ,396834.916495,138794.46,38.917012,-77.036496,147,,,,,,,,,,,
,328,CCTV-0014,16th St. and Harvard St. and Mount Pleasant N.W.,DDOT, , , , , , ,1, , , , , , , , ,396836.009494,139848.449996,38.926507,-77.036489,148,,,,,,,,,,,
,329,CCTV-0017,16th St. and Upshur St. N.W.,DDOT, , , , , , ,1, , , , , , , , ,396840.804499,141554.417999,38.941875,-77.036441,149,,,,,,,,,,,
,330,CCTV-0058,16th St. and Colorado Ave. N.W.,DDOT, , , , , , ,1, , , , , , , , ,396843.252494,142738.012998,38.952537,-77.036418,150,,,,,,,,,,,
,331,CCTV-0108,16th St. and Alaska Ave. N.W.,DDOT, , , , , , ,1, , , , , , , , ,396846.818495,145218.998997,38.974887,-77.036389,151,,,,,,,,,,,
,332,CCTV-0057,16th St. and Kalmia Rd. N.W.,DDOT, , , , , , ,1, , , , , , , , ,396848.776502,146411.808995,38.985632,-77.036372,152,,,,,,,,,,,
,333,CCTV-0022,16th St. and Military Rd./Missouri Ave. N.W.,DDOT, , , , , , ,1, , , , , , , , ,396849.1375,143831.892005,38.962391,-77.036356,153,,,,,,,,,,,
,334,CCTV-0056,16th St and N. Portal St. N.W.,DDOT, , , , , , ,1, , , , , , , , ,396853.896501,147149.736999,38.992279,-77.036316,154,,,,,,,,,,,
,335,CCTV-0016,16th St. and Irving St. N.W.,DDOT, , , , , , ,1, , , , , , , , ,396860.950493,140091.121998,38.928693,-77.036202,155,,,,,,,,,,,
,336,DPR Headquarters,3149 16th St. NW,DPR, , , , , , ,2,0,2, ,2, , , , ,396869.350499,140252.710003,38.930149,-77.036106,156,,,,,,,,,,,
,337,Penn Center (Lincoln) Middle School,3101 16TH STREET NW,DCPS, , , , , , ,8,8, , ,16, , , , ,396890.800501,140185.590005,38.929544,-77.035858,157,,,,,,,,,,,
,338,Bell Multicultural Senior High School,3101 16TH STREET NW,DCPS,2006,0,0,4,4,2,12,92,3,101,115,128,24, , ,396890.800501,140185.590005,38.929544,-77.035858,158,,,,,,,,,,,
,339,CCTV-0114,Vermont Ave. and H St. N.W.,DDOT, , , , , , ,1, , , , , , , , ,396953.243499,136928.557,38.900204,-77.035124,159,,,,,,,,,,,
,289,CCTV,New York Ave & Bladensburg Rd NE,MPD, , , , , , , , , , , , , , ,Red Light,402390.133952,138829.281501,38.917329,-76.972439,160,,,,,,,,,,,
,290,CCTV,North Capitol St  & Harewood Pl NE,MPD, , , , , , , , , , , , , , ,Red Light,399303.514205,141609.95648,38.942381,-77.008034,161,,,,,,,,,,,
,291,CCTV,North Capitol St& Gallatin St NW,MPD, , , , , , , , , , , , , , ,Red Light,399219.270013,142722.980002,38.952407,-77.009007,162,,,,,,,,,,,
,292,CCTV,North Capitol St & Missouri Ave NE,MPD, , , , , , , , , , , , , , ,Red Light,399215.910013,142990.310018,38.954815,-77.009046,163,,,,,,,,,,,
,293,CCTV,K & 25th St NW,MPD, , , , , , , , , , , , , , ,Red Light,395376.196858,137187.332476,38.902528,-77.053306,164,,,,,,,,,,,
,294,CCTV,Mt Olivet Rd & West Virginia Ave NE,MPD, , , , , , , , , , , , , , ,Red Light,401233.899998,138068.130014,38.910474,-76.985773,165,,,,,,,,,,,
,295,CCTV,South Captiol St  ramp before I St SW,MPD, , , , , , , , , , , , , , ,Red Light,399214.020318,134605.879515,38.879286,-77.009058,166,,,,,,,,,,,
,296,CCTV,Georgia Ave & Missouri Ave NW,MPD, , , , , , , , , , , , , , ,Red Light,397570.584732,143678.729826,38.961014,-77.028031,167,,,,,,,,,,,
,297,CCTV,Suitland PKWY & Stanton Rd SE,MPD, , , , , , , , , , , , , , ,Red Light,401449.342592,131721.086041,38.853297,-76.983303,168,,,,,,,,,,,
,298,CCTV,Suitland PKWY &  Firth Sterling  SE,MPD, , , , , , , , , , , , , , ,Red Light,400196.206719,132727.934202,38.862369,-76.997739,169,,,,,,,,,,,
,299,CCTV,12th St  & Constitution Ave NW,MPD, , , , , , , , , , , , , , ,Red Light,397558.981244,136027.093532,38.892085,-77.028137,170,,,,,,,,,,,
,300,Birney Elementary School,2501 MARTIN LUTHER KING JR AVENUE SE,DCPS,1999,2,0,0,2,2,2,12,0,14,14,28,14, , ,400403.190496,132438.56,38.859762,-76.995355,171,,,,,,,,,,,
,301,CCTV-0055,Macarthur Blvd. and Arizona Ave. N.W.,DDOT, , , , , , ,1, , , , , , , , ,390978.536499,139948.060996,38.927364,-77.104041,172,,,,,,,,,,,
,302,CCTV-0012,Georgia Ave. and Irving St. N.W.,DDOT, , , , , , ,1, , , , , , , , ,397986.017496,140129.316003,38.929041,-77.023227,173,,,,,,,,,,,
,303,CCTV-0080,7th St. and H St. N.W.,DDOT, , , , , , ,1, , , , , , , , ,398097.441499,136885.31,38.899818,-77.021933,174,,,,,,,,,,,
,304,CCTV-0129,I-295 south @ blue plans,DDOT, , , , , , ,1, , , , , , , , ,398180.639494,127248.338,38.813004,-77.020948,175,,,,,,,,,,,
,305,Francis Junior High School,2425 N STREET NW,DCPS,2005,0,0,1,1,2,7,19,0,26,32,32,6, , ,395461.9495,137735.740001,38.907469,-77.052321,176,,,,,,,,,,,
,306,CCTV-0030,Connecticut Ave. and Calvert St. N.W.,DDOT, , , , , , ,1, , , , , , , , ,395533.450502,139518.767003,38.923532,-77.051508,177,,,,,,,,,,,
,307,CCTV-0073,Washington Circle N.W.,DDOT, , , , , , ,1, , , , , , , , ,395539.423493,137235.328998,38.902962,-77.051425,178,,,,,,,,,,,
,308,CCTV-0094,23rd  St./ and Constitution Ave.,DDOT, , , , , , ,1, , , , , , , , ,395647.624501,136028.926003,38.892095,-77.050169,179,,,,,,,,,,,
,309,CCTV-0106,Virginia Ave. and E St. N.W.,DDOT, , , , , , ,1, , , , , , , , ,395834.390496,136464.007004,38.896015,-77.048019,180,,,,,,,,,,,
,310,Stevens Elementary School,1050 21ST STREET NW,DCPS,2003,0,1,0,1,1,5,9,0,14,14,32,18, , ,395937.790496,137257.379995,38.903162,-77.046832,181,,,,,,,,,,,
,311,CCTV-0112,"21st St., Pennsylvania Ave. and I St. N.W.",DDOT, , , , , , ,1, , , , , , , , ,395950.190501,137051.792001,38.90131,-77.046688,182,,,,,,,,,,,
,312,CCTV-0071,21st St. and K St. N.W.,DDOT, , , , , , ,1, , , , , , , , ,395953.728497,137188.128998,38.902538,-77.046648,183,,,,,,,,,,,
,313,CCTV-0049,Connecticut Ave. and Florida Ave. N.W.,DDOT, , , , , , ,1, , , , , , , , ,395999.546498,138501.967002,38.914374,-77.046127,184,,,,,,,,,,,
,314,CCTV-0103,20th St. and Constitution Ave. N.W.,DDOT, , , , , , ,1, , , , , , , , ,396102.6935,136029.610001,38.892103,-77.044924,185,,,,,,,,,,,
,315,CCTV-0111,19th St. and H St. N.W.,DDOT, , , , , , ,1, , , , , , , , ,396228.9855,136928.557,38.900201,-77.043473,186,,,,,,,,,,,
,369,Ferebee-Hope Elementary School,3999 8TH STREET SE,DCPS,2003,0,1,0,1,1,3,11,0,14,30,32,18, , ,400419.940493,129394.950004,38.832344,-76.995163,187,,,,,,,,,,,
,370,CCTV-0063,Pennsylvania Ave. and 8th St. S.E.,DDOT, , , , , , ,1, , , , , , , , ,400436.628497,135149.495997,38.884183,-76.994968,188,,,,,,,,,,,
,371,Southeast Tennis and Learning Center,701 Mississippi Ave. SE,DPR, , , , , , ,4,5,0, ,16, , , , ,400473.399498,130079.579997,38.838511,-76.994547,189,,,,,,,,,,,
,372,M.C. Terrell/McGogney Elementary School,3301 WHEELER ROAD SE,DCPS,1999,1,0,0,1,2,5,9,0,14,23,14,0, , ,400512.1605,130413.480002,38.841519,-76.994101,190,,,,,,,,,,,
,373,Hardy Middle School @ Hamilton School,1401 BRENTWOOD PARKWAY NE,DCPS,2008,0,0,2,2,2,8,56,2,62,64,64,0, , ,400515.700501,137977.749996,38.909661,-76.994054,191,,,,,,,,,,,
,374,Hamilton Center @ Hamilton School,1401 BRENTWOOD PARKWAY NE,DCPS,1999,0,1,0,1,2,10,18,0,28,28,32,4, , ,400515.700501,137977.749996,38.909661,-76.994054,192,,,,,,,,,,,
,375,Savoy Elementary School,2400 SHANNON PLACE SE,DCPS,2008,0,0,2,2,1,10,46,0,56,72,64,8, , ,400555.0805,132781.57,38.862852,-76.993604,193,,,,,,,,,,,
,376,Prospect Learning Center,920 F STREET NE,DCPS,1999,0,1,0,1,2,2,14,0,16,16,32,16, , ,400591.349496,136634.980004,38.897565,-76.993183,194,,,,,,,,,,,
,377,Sherwood Recreation Center,640 10th St. NE,DPR, , , , , , ,4,3,0, ,7, , , , ,400605.759499,136743.840003,38.898545,-76.993017,195,,,,,,,,,,,
,378,Turkey Thicket Recreation Center,1100 Michigan Ave. NE,DPR, , , , , , ,9,4,0, ,13, , , , ,400641.560498,141130.750001,38.938064,-76.9926,196,,,,,,,,,,,
,379,Luke Moore Academy Senior High School,1001 MONROE STREET NE,DCPS,2007,0,0,2,2,2,11,41,2,50,50,64,12, , ,400666.1325,140488.247999,38.932276,-76.992317,197,,,,,,,,,,,
,380,Draper Elementary School,908 WAHLER PLACE SE,DCPS,2003,0,1,0,1,1,3,11,0,14,14,32,18, , ,400671.250495,129615.24,38.834328,-76.992269,198,,,,,,,,,,,
,381,Noyes Elementary School,2725 10TH STREET NE,DCPS, , , , , , ,10,18, , ,28, , , , ,400707.330501,139700.260003,38.925178,-76.991843,199,,,,,,,,,,,
,382,Brookland Elementary School,1150 MICHIGAN AVENUE NE,DCPS,2003,0,1,0,1,1,3,11,0,14,32,32,18, , ,400775.130499,141176.410004,38.938475,-76.991059,200,,,,,,,,,,,
,383,CCTV-0084,9th St. Ramp and New York Ave. N.E. (Brentwood Pkwy),DDOT, , , , , , ,1, , , , , , , , ,400802.748495,138435.196996,38.913781,-76.990744,201,,,,,,,,,,,
,384,Maury Elementary School,1250 CONSTITUTION AVENUE NE,DCPS,2003,0,1,0,1,1,3,11,0,14,14,32,18, , ,400984.000495,136037.819997,38.892185,-76.988658,202,,,,,,,,,,,
,385,CHOICE Academy Senior High School @ Douglass,2600 DOUGLASS PLACE SE,DCPS, , , , , , , , , , , , , , , ,401037.240501,132089.75,38.856619,-76.98805,203,,,,,,,,,,,
,386,Douglass Transitional Academy,2600 DOUGLASS PLACE SE,DCPS,1999,0,1,0,1,2,5,23,0,28,28,32,4, , ,401037.240501,132089.75,38.856619,-76.98805,204,,,,,,,,,,,
,387,Slowe Elementary School,1404 JACKSON STREET NE,DCPS,2003,0,1,0,1,1,4,10,0,14,14,32,18, , ,401138.940502,140191.850002,38.929606,-76.986865,205,,,,,,,,,,,
,388,Malcolm X Elementary School,1351 ALABAMA AVENUE SE,DCPS,2003,0,1,0,1,1,5,9,0,14,14,32,18, , ,401202.630496,130797.63,38.844979,-76.986147,206,,,,,,,,,,,
,389,Wilkinson Elementary School,2330 POMEROY ROAD SE,DCPS,2003,0,1,0,1,1,8,6,0,14,14,32,18, , ,401254.170494,132114.800002,38.856844,-76.98555,207,,,,,,,,,,,
,390,Bunker Hill Elementary School,1401 MICHIGAN AVENUE NE,DCPS,2003,0,1,0,1,1,3,11,0,14,32,32,18, , ,401300.7705,141569.109997,38.942012,-76.984996,208,,,,,,,,,,,
,391,DC Records Center,1300 Naylor Court NW,PSD, , , , , , ,7,7, , ,14, , , , ,397850.449495,137783.360008,38.907907,-77.024783,209,,,,,,,,,,,
,392,Consumer and Regulatory Affairs,1900 Massachusetts Avenue SE,PSD, , , , , , , ,6, , ,6, , , , ,402119.230499,135264.83,38.885219,-76.975574,210,,,,,,,,,,,
,393,Johnson Junior High School,1400 BRUCE PLACE SE,DCPS,1999,0,1,0,1,2,2,26,0,28,52,32,4, , ,401414.570501,131503.420002,38.851337,-76.983704,211,,,,,,,,,,,
,394,CCTV-0031,15th St. and H St. and Benning and Bladensburg Rd N.E.,DDOT, , , , , , ,1, , , , , , , , ,401437.9915,136919.374005,38.900126,-76.983423,212,,,,,,,,,,,
,395,Green Elementary School,1500 MISSISSIPPI AVENUE SE,DCPS,2003,0,1,0,1,1,4,11,0,15,15,32,17, , ,401441.250498,130427.600002,38.841645,-76.983399,213,,,,,,,,,,,
,396,Anacostia Senior High School,1601 16TH STREET SE,DCPS,1999,0,2,0,2,2,8,56,0,64,63,64,0, , ,401468.560498,133584.500005,38.870084,-76.983077,214,,,,,,,,,,,
,397,Moten Elementary School,1565 MORRIS ROAD SE,DCPS,2003,0,1,0,1,1,4,10,0,14,14,32,18, , ,401480.430493,132093.890004,38.856656,-76.982944,215,,,,,,,,,,,
,398,Brentwood Recreation Center,2311 14th ST. NE,DPR, , , , , , ,2,5,0, ,7, , , , ,401481.380499,139241.019999,38.92104,-76.982917,216,,,,,,,,,,,
,399,Miner Elementary School,601 15TH STREET NE,DCPS,2003,0,1,0,1,1,10,18,0,28,28,32,4, , ,401483.000501,136614.120002,38.897376,-76.982904,217,,,,,,,,,,,
,147,CCTV,400 block 16th St NE,MPD, , , , , , , , , , , , , , ,Neighborhood,401546.0386,136447.211399,38.895872,-76.982178,218,,,,,,,,,,,
,148,CCTV,4th St & L St NE ,MPD, , , , , , , , , , , , , , ,Neighborhood,399960.013199,137333.015501,38.903853,-77.000461,219,,,,,,,,,,,
,149,CCTV,8th & H St NE,MPD, , , , , , , , , , , , , , ,Neighborhood,400484.289699,136926.851699,38.900194,-76.994417,220,,,,,,,,,,,
,150,CCTV,K St & Potomac Ave SE,MPD, , , , , , , , , , , , , , ,Neighborhood,400877.852399,134517.128101,38.878486,-76.989883,221,,,,,,,,,,,
,151,CCTV, K St & North Capitol St NW,MPD, , , , , , , , , , , , , , ,Neighborhood,399199.120601,137169.318999,38.902378,-77.009233,222,,,,,,,,,,,
,152,CCTV,7th St & H St NW,MPD, , , , , , , , , , , , , , ,Neighborhood,398087.034401,136892.5445,38.899883,-77.022053,223,,,,,,,,,,,
,153,CCTV,Wisconsin Ave & P St NW,MPD, , , , , , , , , , , , , , ,Neighborhood,394413.2026,137929.7681,38.909211,-77.064414,224,,,,,,,,,,,
,154,CCTV,1400 block R St NW,MPD, , , , , , , , , , , , , , ,Neighborhood,397144.9842,138307.2939,38.912625,-77.032919,225,,,,,,,,,,,
,155,CCTV,11th St & N St NW,MPD, , , , , , , , , , , , , , ,Neighborhood,397661.7638,137599.447101,38.90625,-77.026958,226,,,,,,,,,,,
,156,CCTV,14th & Oak St NW,MPD, , , , , , , , , , , , , , ,Neighborhood,397170.6335,140671.0996,38.933919,-77.032633,227,,,,,,,,,,,
,157,CCTV,14th & Columbia Road NW,MPD, , , , , , , , , , , , , , ,Neighborhood,397192.052301,139947.093599,38.927397,-77.032383,228,,,,,,,,,,,
,158,CCTV,14th & Girard St NW,MPD, , , , , , , , , , , , , , ,Neighborhood,397142.8145,139744.8536,38.925575,-77.03295,229,,,,,,,,,,,
,159,CCTV,14th & W St NW,MPD, , , , , , , , , , , , , , ,Neighborhood,397243.240299,139033.4757,38.919167,-77.031789,230,,,,,,,,,,,
,160,CCTV,17th & Euclid St NW,MPD, , , , , , , , , , , , , , ,Neighborhood,396621.2055,139467.5378,38.923075,-77.038964,231,,,,,,,,,,,
,161,CCTV,2400 block 18th St NW,MPD, , , , , , , , , , , , , , ,Neighborhood,396372.739899,139224.3172,38.920883,-77.041828,232,,,,,,,,,,,
,162,CCTV,5th & N St NW,MPD, , , , , , , , , , , , , , ,Neighborhood,398363.8321,137720.158801,38.907339,-77.018864,233,,,,,,,,,,,
,163,CCTV,5th & O St NW,MPD, , , , , , , , , , , , , , ,Neighborhood,398346.776,137867.248201,38.908664,-77.019061,234,,,,,,,,,,,
,164,CCTV,7th & O St NW,MPD, , , , , , , , , , , , , , ,Neighborhood,398088.052301,137874.744001,38.908731,-77.022044,235,,,,,,,,,,,
,165,CCTV,9th & T St NW,MPD, , , , , , , , , , , , , , ,Neighborhood,397924.433301,138714.340701,38.916294,-77.023933,236,,,,,,,,,,,
,166,CCTV,Georgia Ave & Morton St NW,MPD, , , , , , , , , , , , , , ,Neighborhood,397937.115299,140455.9499,38.931983,-77.023792,237,,,,,,,,,,,
,167,CCTV,Sherman & Harvard St NW,MPD, , , , , , , , , , , , , , ,Neighborhood,397759.211999,139897.291901,38.92695,-77.025842,238,,,,,,,,,,,
,168,CCTV,14th & Quincy St NW,MPD, , , , , , , , , , , , , , ,Neighborhood,397171.210799,141073.506201,38.937544,-77.032628,239,,,,,,,,,,,
,169,CCTV,1st & Kennedy St NW,MPD, , , , , , , , , , , , , , ,Neighborhood,399019.879299,143193.111001,38.956642,-77.011308,240,,,,,,,,,,,
,170,CCTV,3700 block Georgia Avenue NW,MPD, , , , , , , , , , , , , , ,Neighborhood,397898.2373,140980.2544,38.936706,-77.024242,241,,,,,,,,,,,
,171,CCTV,4th & Shepherd St NW,MPD, , , , , , , , , , , , , , ,Neighborhood,398515.3423,141335.3427,38.939906,-77.017125,242,,,,,,,,,,,
,172,CCTV,4th St & Blair Road NW,MPD, , , , , , , , , , , , , , ,Neighborhood,398436.4311,145189.486801,38.974625,-77.018044,243,,,,,,,,,,,
,173,CCTV,5th St & Kennedy St NW,MPD, , , , , , , , , , , , , , ,Neighborhood,398284.7857,143179.3601,38.956517,-77.019789,244,,,,,,,,,,,
,174,CCTV,6th St & Riggs Road NE ,MPD, , , , , , , , , , , , , , ,Neighborhood,400081.123101,143648.7437,38.960747,-76.999064,245,,,,,,,,,,,
,175,CCTV,9th & Kennedy St NW,MPD, , , , , , , , , , , , , , ,Neighborhood,397778.945301,143164.055599,38.956378,-77.025625,246,,,,,,,,,,,
,176,CCTV,1200 block Meigs Place NE,MPD, , , , , , , , , , , , , , ,Neighborhood,401233.0982,137799.900599,38.908058,-76.985783,247,,,,,,,,,,,
,177,CCTV,14th St & Saratoga Ave,MPD, , , , , , , , , , , , , , ,Neighborhood,401211.8668,139379.323799,38.922286,-76.986025,248,,,,,,,,,,,
,178,CCTV,1st St & O St NW,MPD, , , , , , , , , , , , , , ,Neighborhood,398942.5514,137898.2285,38.908944,-77.012192,249,,,,,,,,,,,
,179,CCTV,North Capitol & Seaton PL NW,MPD, , , , , , , , , , , , , , ,Neighborhood,399208.106701,138554.145301,38.914853,-77.009131,250,,,,,,,,,,,
,180,CCTV,1700 block Lincoln Road NE,MPD, , , , , , , , , , , , , , ,Neighborhood,399279.641099,138395.951601,38.913428,-77.008306,251,,,,,,,,,,,
,181,CCTV,1800 block Benning Road NE,MPD, , , , , , , , , , , , , , ,Neighborhood,401977.525,136804.975001,38.899094,-76.977203,252,,,,,,,,,,,
,182,CCTV,18th Place & M St NE,MPD, , , , , , , , , , , , , , ,Neighborhood,401979.074301,137547.5084,38.905783,-76.977183,253,,,,,,,,,,,
,63,Columbia Road Apartments,1475 Columbia Rd NW,DCHA, , , , , , , ,11, , , , , , , ,396957.329994,139968.970002,38.927593,-77.03509,254,,,,,,,,,,,
,64,Fort Lincoln Apartments,2855 Bladensburg Rd NE,DCHA, , , , , , ,6,20, , , , , , , ,403387.219997,140020.950001,38.92806,-76.960936,255,,,,,,,,,,,
,65,Garfield Terrace,2301 11th Street NW,DCHA, , , , , , ,22, , , , , , , , ,397760.499995,139291.000004,38.921488,-77.025825,256,,,,,,,,,,,
,66,Garfield Senior,2301 11th Street NW,DCHA, , , , , , ,9,15, , , , , , , ,397760.499995,139291.000004,38.921488,-77.025825,257,,,,,,,,,,,
,67,Greenleaf Senior,1200 Delaware Ave SW,DCHA, , , , , , ,7,49, , , , , , , ,398849.560001,134233.649995,38.875932,-77.013258,258,,,,,,,,,,,
,68,Horizon House,1170 12th St NW,DCHA, , , , , , ,4,30, , , , , , , ,397545.529994,137506.160001,38.905409,-77.028298,259,,,,,,,,,,,
,69,James Apartments,1265 Half Street SW,DCHA, , , , , , ,4,36, , , , , , , ,399057.529997,134106.350004,38.874785,-77.010861,260,,,,,,,,,,,
,70,Judiciary House,461 H St NW,DCHA, , , , , , ,5,36, , , , , , , ,398440.689998,136908.12,38.900024,-77.017976,261,,,,,,,,,,,
,71,Kelly Miller,2125 4th St NW,DCHA, , , , , , ,64, , , , , , , , ,398490.769996,139039.130002,38.919221,-77.017403,262,,,,,,,,,,,
,72,Ledroit Apartments,2125 4th St NW,DCHA, , , , , , ,4,32, , , , , , , ,398490.769996,139039.130002,38.919221,-77.017403,263,,,,,,,,,,,
,73,Lincoln Road Apartments,11 R St NE,DCHA, , , , , , ,4,11, , , , , , , ,399271.159997,138279.399999,38.912378,-77.008404,264,,,,,,,,,,,
,74,Park Morton,617 Morton St NW,DCHA, , , , , , ,51, , , , , , , , ,398080.93,140495.429997,38.932339,-77.022133,265,,,,,,,,,,,
,75,Regency House Apartments,5201 Connecticut Ave NW,DCHA, , , , , , , ,31, , , , , , , ,393835.500002,143332.989996,38.957881,-77.071123,266,,,,,,,,,,,
,76,Sibley Plaza,1140 North Capitol St NW,DCHA, , , , , , ,5,49, , , , , , , ,399177.099997,137473.679995,38.90512,-77.009487,267,,,,,,,,,,,
,77,UCC,2700 Martin Luther King Jr Ave SW,PSD, , , , , , ,46,29, , ,75, , , , ,400417.524308,131789.109759,38.853911,-76.99519,268,,,,,,,,,,,
,78,Greenleaf Gardens/Family (Enhancement Center),203 N St SW,DCHA, , , , , , ,4,6, , , , , , , ,398792.679993,134136.070001,38.875053,-77.013913,269,,,,,,,,,,,
,79,Building 825,825 North Capital NE,DCPS,2003, , , , , , ,28, , ,28, , , , ,399267.369502,137018.38,38.901018,-77.008446,270,,,,,,,,,,,
,80,Fletcher Johnson Middle School,4650 Benning Road SE,DCPS, , , , , , ,4,24, , ,28, , , , ,405742.680496,135126.890006,38.883961,-76.933812,271,,,,,,,,,,,
,81,Kramer Annex,1700 Q Street SE,DCPS,1999, , , , , ,6,8, , ,14, , , , ,401720.710498,133718.02,38.871286,-76.980171,272,,,,,,,,,,,
,82,Lewis Elementary School,300 Bryant Street NW,DCPS,2003, , , , , ,2,12, , ,14, , , , ,398648.830497,139173.329999,38.92043,-77.015581,273,,,,,,,,,,,
,83,Logan Center,215 G Street NE,DCPS,2003, , , , , ,9,19, , ,14, , , , ,399777.369625,136742.119627,38.89853,-77.002566,274,,,,,,,,,,,
,84,Mary Reed Elementary School,1250 Constitution Avenue NE,DCPS,2003, , , , , ,7,7, , ,14, , , , ,400984.0005,136037.819999,38.892185,-76.988658,275,,,,,,,,,,,
,85,McGogney Elementary School,3400 Wheeler Road SE,DCPS,2003, , , , , , ,14, , ,14, , , , ,400604.460488,130274.710013,38.840269,-76.993037,276,,,,,,,,,,,
,86,Shadd Elementary School,5601 E Capitol Street SE,DCPS,2003, , , , , ,3,11, , ,14, , , , ,406789.330498,135740.320004,38.889479,-76.921743,277,,,,,,,,,,,
,87,Terrell Junior High School,1000 1st Street NW,DCPS,2003, , , , , , ,25, , ,25, , , , ,398901.700499,137317.15,38.903709,-77.012662,278,,,,,,,,,,,
,88,Van Ness Elementary School,100 L Street NW,DCPS,1999, , , , , ,1,13, , ,14, , , , ,398870.4305,137323.65,38.903768,-77.013023,279,,,,,,,,,,,
,89,CCTV-0040,Wisconsin ave. and Western Ave. N.W.,DDOT, , , , , , ,1, , , , , , , , ,392573.182496,143656.776004,38.960788,-77.085691,280,,,,,,,,,,,
,90,CCTV-0050,Wisconsin Ave. and Ellicott St N.W.,DDOT, , , , , , ,1, , , , , , , , ,392897.510493,142832.747995,38.953368,-77.08194,281,,,,,,,,,,,
,91,Janney Elementary School,4130 ALBEMARLE STREET NW,DCPS,2003,0,1,0,1,1,5,9,0,14,60,32,18, , ,392978.880493,142186.879996,38.94755,-77.080995,282,,,,,,,,,,,
,92,Stoddert Elementary School,4001 CALVERT STREET NW,DCPS,2003,0,1,0,1,1,5,10,0,15,46,32,17, , ,393143.050495,139466.379998,38.923044,-77.079074,283,,,,,,,,,,,
,93,CCTV-0051,Wisconsin Ave. and Tenley Circle/Nebraska Ave. N.W.,DDOT, , , , , , ,1, , , , , , , , ,393195.314495,142031.743001,38.946154,-77.078497,284,,,,,,,,,,,
,94,CCTV-0090,Florida Ave. and Rhode Island Ave. N.W.,DDOT, , , , , , ,1, , , , , , , , ,398521.219502,138484.092002,38.914221,-77.017051,285,,,,,,,,,,,
,183,CCTV,18th St & M St NE,MPD, , , , , , , , , , , , , , ,Neighborhood,401890.604901,137538.2731,38.9057,-76.978203,286,,,,,,,,,,,
,184,CCTV,21st St & Maryland Ave NE,MPD, , , , , , , , , , , , , , ,Neighborhood,402237.865101,137353.6461,38.904036,-76.9742,287,,,,,,,,,,,
,185,CCTV,3700 block 12th St NE,MPD, , , , , , , , , , , , , , ,Neighborhood,400755.513,140813.1652,38.935203,-76.991286,288,,,,,,,,,,,
,186,CCTV,3700 block 12th St NE,MPD, , , , , , , , , , , , , , ,Neighborhood,400775.276301,140859.346699,38.935619,-76.991058,289,,,,,,,,,,,
,187,CCTV,4th St & W St NE,MPD, , , , , , , , , , , , , , ,Neighborhood,399959.328099,139045.3178,38.919278,-77.000469,290,,,,,,,,,,,
,188,CCTV,14th St & Good Hope Rd SE,MPD, , , , , , , , , , , , , , ,Neighborhood,401280.586999,133227.054,38.866864,-76.985244,291,,,,,,,,,,,
,189,CCTV,1500 block Kenilworth Ave NE,MPD, , , , , , , , , , , , , , ,Neighborhood,405591.687801,138128.0323,38.910997,-76.935528,292,,,,,,,,,,,
,190,CCTV,28th St & Texas Ave SE,MPD, , , , , , , , , , , , , , ,Neighborhood,402806.911201,133327.909401,38.867769,-76.967656,293,,,,,,,,,,,
,191,CCTV,18th St & T St SE,MPD, , , , , , , , , , , , , , ,Neighborhood,401814.296699,133283.55,38.867372,-76.979094,294,,,,,,,,,,,
,192,CCTV,300 block 50th St NE,MPD, , , , , , , , , , , , , , ,Neighborhood,406135.965599,136280.483499,38.89435,-76.929269,295,,,,,,,,,,,
,193,CCTV,3800 block Minnesota Ave NE,MPD, , , , , , , , , , , , , , ,Neighborhood,404227.566299,136061.2153,38.892386,-76.951269,296,,,,,,,,,,,
,194,CCTV,4400 block Quarles St NE,MPD, , , , , , , , , , , , , , ,Neighborhood,405529.300599,138168.062499,38.911358,-76.936247,297,,,,,,,,,,,
,195,CCTV,4700 block Alabama Ave SE,MPD, , , , , , , , , , , , , , ,Neighborhood,405278.287799,134808.124,38.881092,-76.939167,298,,,,,,,,,,,
,196,CCTV,5000 block Benning Rd SE,MPD, , , , , , , , , , , , , , ,Neighborhood,405934.3649,134532.845401,38.878608,-76.931608,299,,,,,,,,,,,
,197,CCTV,5000 block of Call Place SE,MPD, , , , , , , , , , , , , , ,Neighborhood,406203.295299,135158.690701,38.884244,-76.928503,300,,,,,,,,,,,
,198,CCTV,5100 block Fitch St SE,MPD, , , , , , , , , , , , , , ,Neighborhood,406124.822999,134759.667999,38.88065,-76.929411,301,,,,,,,,,,,
,1,CCTV-0038,Pennsylvania Ave. and Branch Ave. S.E.,DDOT, , , , , , ,1, , , , , , , , ,403438.126499,133497.121,38.869291,-76.960382,302,,,,,,,,,,,
,2,CCTV-0070,Southern Ave. and Branch Ave. S.E.,DDOT, , , , , , ,1, , , , , , , , ,403635.945501,131900.878004,38.854911,-76.958111,303,,,,,,,,,,,
,3,River Terrace Elementary School,420 34TH STREET NE,DCPS,2003,0,1,0,1,1,4,10,0,14,31,32,18, , ,403660.170498,136398.669996,38.895428,-76.957808,304,,,,,,,,,,,
,4,Kimball Elementary School,3375 MINNESOTA AVENUE SE,DCPS,2003,0,1,0,1,1,7,7,0,14,20,32,18, , ,403681.180498,135028.210002,38.883083,-76.957573,305,,,,,,,,,,,
,5,Marshall Educational Center,3100 FORT LINCOLN DRIVE NE,DCPS,2003,0,1,0,1,1,7,7,0,14,14,32,18, , ,403688.395493,139927.463002,38.927217,-76.957463,306,,,,,,,,,,,
,6,Beers Elementary School,3600 ALABAMA AVENUE SE,DCPS,2003,0,1,0,1,1,5,9,0,14,14,32,18, , ,403852.940495,132948.759995,38.86435,-76.955605,307,,,,,,,,,,,
,7,CCTV-0081,Benning Rd. and 36th St (East) N.E.,DDOT, , , , , , ,1, , , , , , , , ,403918.5215,136464.851997,38.896024,-76.954829,308,,,,,,,,,,,
,8,Thomas Elementary School,650 ANACOSTIA AVENUE NE,DCPS,2003,0,1,0,1,1,2,12,0,14,14,32,18, , ,404154.010501,137048.330001,38.901279,-76.952111,309,,,,,,,,,,,
,9,CCTV-0065,Pennsylvania Ave. and Alabama Ave. S.E.,DDOT, , , , , , ,1, , , , , , , , ,404224.458498,133087.384996,38.865597,-76.951323,310,,,,,,,,,,,
,10,CCTV-0035,Benning Rd. and Minnesota Ave. N.E.,DDOT, , , , , , ,1, , , , , , , , ,404410.277494,136366.407996,38.895134,-76.949161,311,,,,,,,,,,,
,11,CCTV-0066,Pennsylvania Ave. and Southern Ave. S.E.,DDOT, , , , , , ,1, , , , , , , , ,404620.673494,132881.702001,38.863742,-76.946759,312,,,,,,,,,,,
,12,Benning Elementary School,100 41ST STREET NE,DCPS,2004,0,1,0,1,1,4,10,0,14,14,32,18, , ,404787.000495,135910.059998,38.891021,-76.944821,313,,,,,,,,,,,
,13,Ft. Davis Recreation Center,1400 41st ST. SE,DPR, , , , , , ,4,3,0, ,7, , , , ,404826.2105,133596.470002,38.87018,-76.944386,314,,,,,,,,,,,
,14,Kenilworth Elementary School,1300 44TH STREET NE,DCPS,2003,0,1,0,1,1,1,13,0,14,14,32,18, , ,405161.970494,137820.440004,38.908229,-76.940485,315,,,,,,,,,,,
,15,Plummer Elementary School,4601 TEXAS AVENUE SE,DCPS,1999,1,0,0,1,2,2,12,0,14,14,14,0, , ,405211.230498,135490.540003,38.88724,-76.939935,316,,,,,,,,,,,
,16,Smothers Elementary School,4400 BROOKS STREET NE,DCPS,2003,0,1,0,1,1,3,11,0,14,14,32,18, , ,405337.950501,136191.510002,38.893554,-76.938469,317,,,,,,,,,,,
,17,Davis Elementary School,4430 H STREET SE,DCPS,1999,1,0,0,1,1,2,12,0,14,14,14,0, , ,405412.990492,134583.53,38.879068,-76.937616,318,,,,,,,,,,,
,18,CCTV-0006,Kenilworth and Eastern Ave. N.E.,DDOT, , , , , , ,1, , , , , , , , ,405707.853494,138280.177995,38.912367,-76.934187,319,,,,,,,,,,,
,19,Aiton Elementary School,533 48TH PLACE NE,DCPS,2003,0,1,0,1,1,2,12,0,14,16,32,18, , ,405751.280502,136574.529995,38.897001,-76.933701,320,,,,,,,,,,,
,20,Ronald H. Brown Middle School,4800 MEADE STREET NE,DCPS,1999,0,1,0,1,2,4,15,0,19,19,32,13, , ,405836.910495,137635.929998,38.906562,-76.932705,321,,,,,,,,,,,
,21,Kelly Miller Middle School,301 49TH STREET NE,DCPS,2007,0,0,2,2,3,13,45,0,58,32,64,6, , ,405852.610494,136130.440002,38.893,-76.932537,322,,,,,,,,,,,
,22,Nalle Elementary School,219 50TH STREET SE,DCPS,2003,0,1,0,1,1,3,11,0,14,14,32,18, , ,406004.160499,135348.37,38.885954,-76.930796,323,,,,,,,,,,,
,23,Merritt Educational Center,5002 HAYES STREET NE,DCPS,2003,0,1,0,1,1,6,10,0,16,16,32,16, , ,406060.670499,136933.159999,38.90023,-76.930131,324,,,,,,,,,,,
,24,Houston Elementary School,1100 50TH PLACE NE,DCPS,2003,0,1,0,1,1,5,9,0,14,9,32,18, , ,406076.150497,137508.740003,38.905415,-76.929948,325,,,,,,,,,,,
,25,C.W. Harris Elementary School,301 53RD STREET SE,DCPS,1999,0,1,0,1,1,6,8,0,14,14,32,18, , ,406410.345498,135087.072996,38.883597,-76.926117,326,,,,,,,,,,,
,26,Burrville Elementary School,801 DIVISION AVENUE NE,DCPS,2003,0,1,0,1,1,9,6,0,15,31,32,17, , ,406552.650494,136970.780002,38.900565,-76.924459,327,,,,,,,,,,,
,27,Business and Finance Academy School Within a School @ H.D. Woodson,5500 EADS STREET NE,DCPS, , , , , , , , , , , , , , , ,406704.960494,136485.520003,38.896193,-76.922708,328,,,,,,,,,,,
,28,Drew Elementary School,5600 EADS STREET NE,DCPS,1999,0,1,0,1,2,2,12,0,14,14,32,18, , ,406946.2305,136463.610002,38.895994,-76.919927,329,,,,,,,,,,,
,29,Sousa Middle School @ Shadd ES,5601 EAST CAPITOL ST NE,DCPS,2008,0,0,3,3,2,10,56,0,66,71,96,30, , ,406976.905495,135724.098,38.889332,-76.919581,330,,,,,,,,,,,
,30,CCTV-0083,E. Capitol St. and 58th St.,DDOT, , , , , , ,1, , , , , , , , ,407133.065495,135771.911995,38.889761,-76.91778,331,,,,,,,,,,,
,31,CCTV-0008,Canal Road and Chain Bridge Road N.W.,DDOT, , , , , , ,1, , , , , , , , ,390305.989495,140262.370999,38.930188,-77.111802,332,,,,,,,,,,,
,32,CCTV-0054,Macarthur Blvd. and Loughboro Rd. N.W.,DDOT, , , , , , ,1, , , , , , , , ,390325.556494,140877.422003,38.935729,-77.111585,333,,,,,,,,,,,
,33,Key Elementary School,5001 DANA PLACE NW,DCPS,2003,0,1,0,1,1,12,14,0,26,26,32,6, , ,391283.150495,139885.289997,38.926802,-77.100527,334,,,,,,,,,,,
,34,Mann Elementary School,4430 NEWARK STREET NW,DCPS,2003,0,1,0,1,1,6,8,0,14,14,32,18, , ,392385.280493,140715.660003,38.934292,-77.087826,335,,,,,,,,,,,
,35,Banneker Senior High School,800 EUCLID STREET NW,DCPS,2005,0,0,1,1,2,2,16,0,18,27,32,14, , ,397920.840499,139551.170001,38.923832,-77.023977,336,,,,,,,,,,,
,36,CCTV-0025,9th St. and Constitution Ave. N.W.,DDOT, , , , , , ,1, , , , , , , , ,397923.9415,136029.578999,38.892109,-77.023931,337,,,,,,,,,,,
,37,Bruce-Monroe Elementary School,3012 GEORGIA AVENUE NW,DCPS,2003,0,1,0,1,1,5,9,0,14,14,32,18, , ,397963.880498,140077.639999,38.928575,-77.023482,338,,,,,,,,,,,
,38,Jefferson Junior High School,801 7TH STREET SW,DCPS,1999,0,1,0,1,2,3,13,0,16,60,32,16, , ,398012.0805,134671.029996,38.879871,-77.022911,339,,,,,,,,,,,
,39,Takoma Educational Center,7010 PINEY BRANCH ROAD NW,DCPS,1999,1,0,0,1,1,3,11,0,14,14,14,0, , ,398024.760496,145235.930005,38.975043,-77.022795,340,,,,,,,,,,,
,40,Cleveland Elementary School,1825 8TH STREET NW,DCPS,2004,0,1,0,1,1,10,18,0,28,28,32,4, , ,398030.710493,138586.760001,38.915145,-77.022707,341,,,,,,,,,,,
,41,Banneker Recreation  Center,2500 Georgia Ave NW,DPR, , , , , , ,6,7,0, ,13, , , , ,398041.679496,139425.870004,38.922704,-77.022583,342,,,,,,,,,,,
,42,Clark Elementary School,4501 KANSAS AVENUE NW,DCPS,2003,0,1,0,1,1,2,14,0,16,16,32,16, , ,398056.760498,141967.699998,38.945602,-77.022416,343,,,,,,,,,,,
,43,CCTV-0036,7th St. and Pennsylvania Ave. N.W.,DDOT, , , , , , ,1, , , , , , , , ,398097.121496,136160.189999,38.893286,-77.021935,344,,,,,,,,,,,
,44,CCTV-0087,7th St. and New York Ave. N.W.,DDOT, , , , , , ,1, , , , , , , , ,398097.239499,137232.732999,38.902948,-77.021936,345,,,,,,,,,,,
,45,CCTV-0023,7th St. and Independence Ave. S.W.,DDOT, , , , , , ,1, , , , , , , , ,398098.504497,135525.072004,38.887564,-77.021917,346,,,,,,,,,,,
,46,CCTV-0088,7th St. and Rhode Island Ave. N.W.,DDOT, , , , , , ,1, , , , , , , , ,398100.042499,138305.697999,38.912613,-77.021907,347,,,,,,,,,,,
,47,CCTV-0101,7th St S.W. and I-695 ?,DDOT, , , , , , ,1, , , , , , , , ,398103.538497,134997.731003,38.882814,-77.021858,348,,,,,,,,,,,
,48,Kennedy Recreation Center,1401 7th St. NW,DPR, , , , , , , ,3, , ,7, , , , ,398132.079496,137903.459997,38.90899,-77.021536,349,,,,,,,,,,,
,49,Park View Recreation Center,693 Otis Pl. NW,DPR, , , , , , ,1,2,0, ,3, , , , ,398148.899496,140791.130003,38.935003,-77.02135,350,,,,,,,,,,,
,50,Park View Elementary School,3560 WARDER STREET NW,DCPS,2003,0,1,0,1,1,4,10,0,14,14,32,18, , ,398163.159501,140725.729998,38.934414,-77.021186,351,,,,,,,,,,,
,51,Coolidge Senior High School,6315 5TH STREET NW,DCPS,2005,0,0,3,3,3,7,60,0,67,102,96,29, , ,398306.010495,144349.52,38.967058,-77.019547,352,,,,,,,,,,,
,52,Whittier Elementary School,6201 5TH STREET NW,DCPS,2003,0,1,0,1,1,5,12,0,17,17,32,15, , ,398332.710499,144216.17,38.965857,-77.019239,353,,,,,,,,,,,
,53,Amidon Elementary School,401 I STREET SW,DCPS,2003,0,1,0,1,1,5,9,0,14,18,32,18, , ,398427.290496,134631.469998,38.879515,-77.018125,354,,,,,,,,,,,
,54,Montgomery Elementary School,421 P STREET NW,DCPS,1999,0,1,0,1,2,2,14,0,16,16,32,16, , ,398428.650495,138002.889997,38.909886,-77.018117,355,,,,,,,,,,,
,55,CCTV-0130,I-295 north @ blue plans,DDOT, , , , , , ,1, , , , , , , , ,398442.332497,127759.898004,38.817613,-77.017936,356,,,,,,,,,,,
,56,Barnard Elementary School,430 DECATUR STREET NW,DCPS,2003,0,1,0,1,1,12,16,0,28,28,32,4, , ,398458.990501,142259.460004,38.948231,-77.017777,357,,,,,,,,,,,
,57,Transportation Bus Lot - New York Avenue,1245 New York Avenue NE,DCPS,2005,0,0,1,1,1,0,16,0,16,16,32,16, , ,401083.855502,138526.987997,38.914608,-76.987503,358,,,,,,,,,,,
,58,Columbia Heights Rec,1480 Girard St NW,DPR, , , , , , ,4,12,0, ,16, , , , ,396956.5985,139707.684996,38.92524,-77.035097,359,,,,,,,,,,,
,59,Emery Rec Center,5701 Georgia Ave NW,DPR, , , , , , ,10,6,0, ,16, , , , ,397583.821501,143435.01,38.958818,-77.027877,360,,,,,,,,,,,
,60,Carroll Apartments,410 M Street SE,DCHA, , , , , , ,6,19, , , , , , , ,400004.029995,134320.019997,38.876711,-76.999954,361,,,,,,,,,,,
,61,Claridge Towers,1221 M Street NW,DCHA, , , , , , ,4,46, , , , , , , ,397500.460001,137555.399998,38.905853,-77.028818,362,,,,,,,,,,,
,62,Colorado Apartments,5336 Colorado Ave NW,DCHA, , , , , , ,6,10, , , , , , , ,396999.519999,143055.860004,38.955401,-77.034617,363,,,,,,,,,,,
,355,"OCTO: ODC-1 @ 3919 Benning Road, SE","3919 Benning Road, SE",PSD, , , , , , ,12,14, , ,26, , , , ,404462.609502,136295.260004,38.894493,-76.948558,364,,,,,,,,,,,
,356,Examiner(OCME),"1910 Massachusetts Ave, SE",PSD, , , , , , ,4,19, , ,23, , , , ,402201.810499,135163.839998,38.88431,-76.974623,365,,,,,,,,,,,
,357,"DDS @ 1125 15th Street, NW","1125 15th Street, NW",PSD, , , , , , ,0,13, , ,13, , , , ,397041.859496,137401.909998,38.904469,-77.034104,366,,,,,,,,,,,
,358,CCTV-0124,13th St. and K St. N.W.,DDOT, , , , , , ,1, , , , , , , , ,397430.611501,137185.895,38.902524,-77.029621,367,,,,,,,,,,,
,359,Tubman Elementary School,3101 13TH STREET NW,DCPS,2003,0,1,0,1,1,3,11,0,14,18,32,18, , ,397447.020496,140146.959997,38.929198,-77.029443,368,,,,,,,,,,,
,360,Roosevelt STAY Senior High School,4301 13TH STREET NW,DCPS, , , , , , , , , , , , , , , ,397494.770493,141698.28,38.943173,-77.028898,369,,,,,,,,,,,
,361,Roosevelt Senior High School,4301 13TH STREET NW,DCPS,2005,0,0,2,2,2,13,41,0,54,106,64,10, , ,397494.770493,141698.28,38.943173,-77.028898,370,,,,,,,,,,,
,362,Garrison Elementary School,1200 S STREET NW,DCPS,2003,0,1,0,1,1,3,11,0,14,96,32,18, , ,397518.520496,138448.809999,38.913901,-77.028613,371,,,,,,,,,,,
,363,Cardozo Senior High School,1200 CLIFTON STREET NW,DCPS,1999,0,2,0,2,2,11,52,0,63,79,64,1, , ,397531.110493,139367.020001,38.922173,-77.028471,372,,,,,,,,,,,
,364,CCTV-0024,12th St. and Constitution Ave. N.W.,DDOT, , , , , , ,1, , , , , , , , ,397561.211495,136029.624004,38.892108,-77.028112,373,,,,,,,,,,,
,365,CCTV-0010,Georgia Ave. and Missouri Ave. N.W.,DDOT, , , , , , ,1, , , , , , , , ,397569.590493,143681.519003,38.961039,-77.028042,374,,,,,,,,,,,
,366,MacFarland Middle School,4400 IOWA AVENUE NW,DCPS,1999,0,1,0,1,2,6,20,0,26,42,32,6, , ,397592.040497,141746.549995,38.943608,-77.027776,375,,,,,,,,,,,
,367,CCTV-0061,Georgia Ave. and Piney Branch Rd. N.W.,DDOT, , , , , , ,1, , , , , , , , ,397619.024501,144402.509003,38.967534,-77.027474,376,,,,,,,,,,,
,368,CCTV-0096,Georgia Ave. and Arkansas Ave. N.W.,DDOT, , , , , , ,1, , , , , , , , ,397622.280502,142663.823001,38.951871,-77.027431,377,,,,,,,,,,,
,519,CCTV-0078,3rd St. and H St. N.E.,DDOT, , , , , , ,1, , , , , , , , ,399824.745499,136930.083996,38.900223,-77.00202,378,,,,,,,,,,,
,520,CCTV-0019,S. Capitol St. and Howard Rd S.E.,DDOT, , , , , , ,1, , , , , , , , ,399848.549498,132979.088997,38.864631,-77.001745,379,,,,,,,,,,,
,521,Brent Elementary School,301 NORTH CAROLINA AVENUE SE,DCPS,2005,0,0,1,1,2,8,14,0,22,24,32,10, , ,399873.340498,135218.079996,38.884801,-77.00146,380,,,,,,,,,,,
,522,Ballou STAY Senior High School,3401 4TH STREET SE,DCPS, , , , , , , , , , , , , , , ,399915.330499,130176.290001,38.839382,-77.000975,381,,,,,,,,,,,
,400,Trinidad Recreation Center,1310 Childress ST. NE,DPR, , , , , , ,8,8,0, ,16, , , , ,401496.880494,137620.379997,38.90644,-76.982742,382,,,,,,,,,,,
,401,Webb Elementary School,1375 MOUNT OLIVET ROAD NE,DCPS,2003,0,1,0,1,1,3,11,0,14,14,32,18, , ,401636.150502,137801.709999,38.908074,-76.981136,383,,,,,,,,,,,
,402,CCTV-0020,S.E. Freeway and Sousa Bridge / Pennsylvania Ave. S.E.,DDOT, , , , , , ,1, , , , , , , , ,401697.528496,134475.830005,38.878113,-76.980437,384,,,,,,,,,,,
,403,Turner Elementary School,3264 STANTON ROAD SE,DCPS,1999,1,0,0,1,2,3,11,0,14,14,14,0, , ,401708.960494,131092.700003,38.847636,-76.980313,385,,,,,,,,,,,
,404,Kramer Middle School,1700 Q STREET SE,DCPS,1999,0,1,0,1,2,1,17,0,18,18,32,14, , ,401720.7105,133718.02,38.871286,-76.980171,386,,,,,,,,,,,
,405,Eastern Senior High School,1700 EAST CAPITOL STREET NE,DCPS,1999,0,3,0,3,2,13,65,2,76,198,96,18, , ,401762.500497,135840.079998,38.890402,-76.979684,387,,,,,,,,,,,
,406,Rosedale Recreation Center,1700 Gales St. NE,DPR, , , , , , ,4,0, , ,4, , , , ,401786.719499,136710.070001,38.898239,-76.979403,388,,,,,,,,,,,
,407,CCTV-0033,Benning Rd. and 17th st. N.E.,DDOT, , , , , , ,1, , , , , , , , ,401795.809498,136840.126002,38.899411,-76.979298,389,,,,,,,,,,,
,408,CCTV-0091,Rhode Island Ave. and 18th St. (20th),DDOT, , , , , , ,1, , , , , , , , ,401810.8045,139973.441997,38.927637,-76.979117,390,,,,,,,,,,,
,409,Eliot Junior High School,1830 CONSTITUTION AVENUE NE,DCPS,1999,0,1,0,1,2,1,15,0,16,16,32,16, , ,401823.730497,136065.309995,38.892431,-76.978978,391,,,,,,,,,,,
,410,Taft Center,1800 PERRY STREET NE,DCPS,1999,0,1,0,1,2,2,26,0,28,28,32,4, , ,401855.750495,140990.2,38.936796,-76.978596,392,,,,,,,,,,,
,411,Burroughs Elementary School,1820 MONROE STREET NE,DCPS,2003,0,1,0,1,1,2,12,0,14,14,32,18, , ,401866.990497,140604.889999,38.933325,-76.978467,393,,,,,,,,,,,
,0,Deanwood Recreation Center,1350 49th Street NE,DPR, , , , , , , , , , ,25, , , , ,0,0,0,0,394,,,,,,,,,,,
,0,Bald Eagle Recreation Center,1000 Joliet St. SW,DPR, , , , , , , , , , ,16, , , , ,0,0,0,0,395,,,,,,,,,,,
,0, ,400 block 16th St NE,MPD, , , , , , , , , , , , , , , ,0,0,0,0,396,,,,,,,,,,,
,0, ,5th & K St NW,MPD, , , , , , , , , , , , , , , ,0,0,0,0,397,,,,,,,,,,,
,0, ,Georgia Avenue & Allison St NW,MPD, , , , , , , , , , , , , , , ,0,0,0,0,398,,,,,,,,,,,
,0, ,7th and Kennedy St NW,MPD, , , , , , , , , , , , , , , ,0,0,0,0,399,,,,,,,,,,,
,0, ,16th St & W St SE,MPD, , , , , , , , , , , , , , , ,0,0,0,0,400,,,,,,,,,,,
,0, ,18th & G NW,MPD, , , , , , , , , , , , , , , ,0,0,0,0,401,,,,,,,,,,,
,0, ,19th and G NW,MPD, , , , , , , , , , , , , , , ,0,0,0,0,402,,,,,,,,,,,
,0,Department of Health PHL Annex,"4 DC Village Lane, SW",PSD, , , , , , ,8,10, , ,18, , , , ,0,0,0,0,403,,,,,,,,,,,
,0,Department of Health Warehouse,"3700 10th St, NE",PSD, , , , , , ,0,6, , ,6, , , , ,0,0,0,0,404,,,,,,,,,,,
,0,Waterfront Tower East,"1100 4th St, SW",PSD, , , , , , ,0,70, , ,70, , , , ,0,0,0,0,405,,,,,,,,,,,
,0,Waterfront Tower West,"1101 4th St, SW",PSD, , , , , , ,0,96, , ,96, , , , ,0,0,0,0,406,,,,,,,,,,,
,0,Department of Employment Services,"4058 Minnesota Ave, NE",PSD, , , , , , ,14,77, , ,91, , , , ,0,0,0,0,407,,,,,,,,,,,
,0,DDOT,"55 M St, SE",PSD, , , , , , ,0,12, , ,12, , , , ,0,0,0,0,408,,,,,,,,,,,
,0,Ward 6 SWC,"500 K St, NE",PSD, , , , , , ,7,9, , ,16, , , , ,0,0,0,0,409,,,,,,,,,,,
,0,Department of Health TB Clinic,1900 Massachusetts Avenue SE,PSD, , , , , , ,0,7, , ,7, , , , ,0,0,0,0,410,,,,,,,,,,,
,95,CCTV-0007,4th St and New York Ave. N.W.,DDOT, , , , , , ,1, , , , , , , , ,398598.494493,137445.982996,38.90487,-77.016158,411,,,,,,,,,,,
,96,Gage-Eckington Elementary School,2025 3RD STREET NW,DCPS,2003,0,1,0,1,1,6,8,0,14,14,32,18, , ,398622.240497,138885.249996,38.917835,-77.015887,412,,,,,,,,,,,
,97,H.D. Cooke Elementary School @ K.C. Lewis,300 BRYANT STREET NW,DCPS,1999,1,0,0,1,1,0,14,0,14,61,14,0, , ,398648.830495,139173.329997,38.92043,-77.015581,413,,,,,,,,,,,
,98,CCTV-0102,3rd St. and Constitution Ave. N.W.,DDOT, , , , , , ,1, , , , , , , , ,398679.1395,136027.006997,38.892087,-77.015225,414,,,,,,,,,,,
,99,CCTV-0075,3rd St and Massachussetts Ave. N.W.,DDOT, , , , , , ,1, , , , , , , , ,398683.690498,136885.250001,38.899818,-77.015175,415,,,,,,,,,,,
,100,CCTV-0086,New Jersey Ave. and New York Ave. N.W.,DDOT, , , , , , ,1, , , , , , , , ,398718.313501,137500.732999,38.905363,-77.014777,416,,,,,,,,,,,
,101,Dunbar Senior High School,1301 NEW JERSEY AVENUE NW,DCPS,1999,0,1,0,1,2,5,23,0,28,80,32,4, , ,398725.550497,137851.549999,38.908523,-77.014694,417,,,,,,,,,,,
,102,CCTV-0027,Independence Ave. at Washington Ave. S.W.,DDOT, , , , , , ,1, , , , , , , , ,398802.119498,135524.826995,38.887563,-77.013807,418,,,,,,,,,,,
,103,CCTV-0076,2nd St. and H St. N.W.,DDOT, , , , , , ,1, , , , , , , , ,398815.222497,136931.051002,38.900231,-77.013658,419,,,,,,,,,,,
,104,Walker-Jones/R.H. Terrell Elementary School,100 L STREET NW,DCPS,1999,2,0,0,2,2,2,12,0,14,44,28,14, , ,398870.430493,137323.65,38.903768,-77.013023,420,,,,,,,,,,,
,105,Bowen Elementary School,101 M STREET SW,DCPS,2003,0,1,0,1,1,4,10,0,14,14,32,18, , ,398879.860501,134328.100001,38.876783,-77.012909,421,,,,,,,,,,,
,106,Leckie Elementary School,4201 MARTIN LUTHER KING JR AVENUE SW,DCPS,2003,0,1,0,1,1,6,12,0,18,18,32,14, , ,398880.580494,128934.660001,38.828196,-77.012892,422,,,,,,,,,,,
,107,J.F. Cook Elementary School,30 P STREET NW,DCPS,1999,0,1,0,1,1,6,8,0,14,14,32,18, , ,399105.740499,137949.350004,38.909405,-77.010311,423,,,,,,,,,,,
,108,M.M. Washington Career Senior High School,27 O STREET NW,DCPS,1999,0,1,0,1,2,3,13,0,16,32,32,16, , ,399108.889501,137873.359997,38.90872,-77.010274,424,,,,,,,,,,,
,109,CCTV-0089,N. Capitol St. and Rhode Island Ave. N.W.,DDOT, , , , , , ,1, , , , , , , , ,399212.155499,138772.082996,38.916816,-77.009085,425,,,,,,,,,,,
,110,CCTV-0074,S. Capitol St. and I St.,DDOT, , , , , , ,1, , , , , , , , ,399213.477499,134610.257999,38.879325,-77.009065,426,,,,,,,,,,,
,111,CCTV-0079,N. Capitol St. and H St.,DDOT, , , , , , ,1, , , , , , , , ,399213.911497,136928.640995,38.90021,-77.009062,427,,,,,,,,,,,
,112,CCTV-0085,N. Capitol St. and New York Ave.,DDOT, , , , , , ,1, , , , , , , , ,399216.623495,137720.227998,38.907341,-77.009032,428,,,,,,,,,,,
,113,CCTV-135,S. Capitol and patomac St.,DDOT, , , , , , ,1, , , , , , , , ,399229.592502,133663.492995,38.870796,-77.008878,429,,,,,,,,,,,
,114,W.B. Patterson Elementary School,4399 SOUTH CAPITOL TERRACE SW,DCPS,2003,0,1,0,1,2,7,25,0,32,32,32,0, , ,399263.250494,128798.030004,38.826966,-77.008485,430,,,,,,,,,,,
,115,CCTV-0099,South Capitol St. and Atlantic St. S.E.,DDOT, , , , , , ,1, , , , , , , , ,399331.113498,129290.504998,38.831403,-77.007704,431,,,,,,,,,,,
,116,Mamie D. Lee School,100 GALLATIN STREET NE,DCPS,1999,2,0,0,2,1,2,14,0,16,15,28,12, , ,399373.847497,142735.380003,38.952519,-77.007224,432,,,,,,,,,,,
,117,Emery Elementary School,1720 1ST STREET NE,DCPS,1999,1,0,0,1,2,2,12,0,14,14,14,0, , ,399412.340497,138404.239997,38.913503,-77.006776,433,,,,,,,,,,,
,118,CCTV-0005,Florida Ave. and New York Ave. N.E.,DDOT, , , , , , ,1, , , , , , , , ,399604.473495,137895.487001,38.90892,-77.00456,434,,,,,,,,,,,
,119,McKinley Technology High School,151 T STREET NE,DCPS,2004,0,4,0,4,8,13,85,0,98,108,128,30, , ,399642.480496,138594.830002,38.91522,-77.004122,435,,,,,,,,,,,
,120,CCTV-0062,Pennsylvania Ave. and 2nd St. S.E.,DDOT, , , , , , ,1, , , , , , , , ,399695.0735,135530.545004,38.887616,-77.003515,436,,,,,,,,,,,
,121,Patricia R. Harris Educational Center,4600 LIVINGSTON ROAD SE,DCPS,1999,0,1,0,1,2,3,25,0,28,28,32,4, , ,399731.950497,128458.049999,38.823904,-77.003087,437,,,,,,,,,,,
,122,Ludlow-Taylor Elementary School,659 G STREET NE,DCPS,2003,0,1,0,1,1,5,13,0,18,18,32,14, , ,400304.260497,136765.859999,38.898744,-76.996492,438,,,,,,,,,,,
,123,Hine Junior High School,335 8TH STREET SE,DCPS,1999,1,1,0,2,2,1,15,0,16,16,46,30, , ,400394.369501,135244.499999,38.885039,-76.995455,439,,,,,,,,,,,
,124,CCTV,New York Ave & Florida Ave NE,MPD, , , , , , , , , , , , , , ,Red Light,399601.653054,137892.960575,38.908897,-77.004593,440,,,,,,,,,,,
,125,CCTV,Constitution Ave & 15th St NW,MPD, , , , , , , , , , , , , , ,Red Light,397080.484794,136027.713276,38.89209,-77.033653,441,,,,,,,,,,,
,126,CCTV,K St & 27th St NW,MPD, , , , , , , , , , , , , , ,Red Light,395133.346041,137187.752637,38.902531,-77.056106,442,,,,,,,,,,,
,127,CCTV,Independence Ave & 3rd St SW,MPD, , , , , , , , , , , , , , ,Red Light,398683.171486,135525.16998,38.887566,-77.015178,443,,,,,,,,,,,
,128,CCTV,Connecticut Ave & Nebraska Ave NW,MPD, , , , , , , , , , , , , , ,Red Light,393897.079993,143127.830017,38.956033,-77.070411,444,,,,,,,,,,,
,129,CCTV,14th St & C St SW,MPD, , , , , , , , , , , , , , ,Red Light,397227.357146,135348.079994,38.885968,-77.031957,445,,,,,,,,,,,
,130,CCTV,Benning Rd & Minnesota Ave  NE,MPD, , , , , , , , , , , , , , ,Red Light,404410.328739,136366.259132,38.895133,-76.94916,446,,,,,,,,,,,
,131,CCTV,New York Ave & New Jersey Ave NW,MPD, , , , , , , , , , , , , , ,Red Light,398718.382525,137500.57235,38.905361,-77.014776,447,,,,,,,,,,,
,132,CCTV,M St & Whitehurst FRWY NW,MPD, , , , , , , , , , , , , , ,Red Light,393908.509977,137465.24995,38.905023,-77.070229,448,,,,,,,,,,,
,133,CCTV,Wisconsin Ave & Brandywine St NW,MPD, , , , , , , , , , , , , , ,Red Light,393030.779991,142423.8,38.949685,-77.080399,449,,,,,,,,,,,
,134,CCTV,Pennsylvania Ave & Southern Ave SE,MPD, , , , , , , , , , , , , , ,Red Light,404620.655521,132881.732441,38.863742,-76.946759,450,,,,,,,,,,,
,135,CCTV,Florida Ave & New York Ave NE,MPD, , , , , , , , , , , , , , ,Red Light,399601.653054,137892.960575,38.908897,-77.004593,451,,,,,,,,,,,
,136,CCTV,Connecticut Ave & Calvert  St NW,MPD, , , , , , , , , , , , , , ,Red Light,395532.999993,139518.530015,38.92353,-77.051513,452,,,,,,,,,,,
,137,CCTV,New York Ave & North Capitol St NW,MPD, , , , , , , , , , , , , , ,Red Light,399214.791773,137721.302014,38.90735,-77.009053,453,,,,,,,,,,,
,138,CCTV,Pennsylvania Ave & 27th St SE,MPD, , , , , , , , , , , , , , ,Red Light,402692.790017,133884.199994,38.872781,-76.968969,454,,,,,,,,,,,
,139,CCTV,North Capitol St & H St NW,MPD, , , , , , , , , , , , , , ,Red Light,399213.820477,136928.417148,38.900208,-77.009063,455,,,,,,,,,,,
,140,CCTV,New York Ave & Montana  NE,MPD, , , , , , , , , , , , , , ,Red Light,401862.120415,138816.742303,38.917217,-76.978528,456,,,,,,,,,,,
,340,Shepherd Elementary School,7800 14TH STREET NW,DCPS,2003,0,1,0,1,1,4,10,0,14,14,32,18, , ,397054.619498,146297.530002,38.984603,-77.033995,457,,,,,,,,,,,
,341,CCTV-0126,15th St (E) and Pennsylvania Ave N.W.,DDOT, , , , , , ,1, , , , , , , , ,397080.266496,136404.808,38.895487,-77.033657,458,,,,,,,,,,,
,342,CCTV-0060,15th St. and Constitution Ave. N.W.,DDOT, , , , , , ,1, , , , , , , , ,397081.253498,136029.580002,38.892106,-77.033644,459,,,,,,,,,,,
,343,CCTV-0117,"15th St(E), New York Ave and Pennsylvania Ave. N.W.",DDOT, , , , , , ,1, , , , , , , , ,397082.539495,136772.997995,38.898803,-77.033632,460,,,,,,,,,,,
,344,CCTV-0125,15th St (E) and K St. N.W.,DDOT, , , , , , ,1, , , , , , , , ,397082.539495,137185.129001,38.902516,-77.033634,461,,,,,,,,,,,
,345,CCTV-0009,14th St Bridge,DDOT, , , , , , ,1, , , , , , , , ,397124.118501,134901.508,38.881944,-77.033145,462,,,,,,,,,,,
,346,West Elementary School,1338 FARRAGUT STREET NW,DCPS,1999,0,1,0,1,1,7,10,0,17,17,32,15, , ,397204.2605,142607.98,38.951367,-77.032253,463,,,,,,,,,,,
,347,CCTV-0118,14th St and I St. N.W.,DDOT, , , , , , ,1, , , , , , , , ,397226.986495,137054.823,38.901343,-77.031968,464,,,,,,,,,,,
,348,CCTV-0104,14th St. and Independence Ave. S.W.,DDOT, , , , , , ,1, , , , , , , , ,397228.432493,135529.089003,38.887598,-77.031946,465,,,,,,,,,,,
,349,CCTV-0105,14th St. and Pennsylvania Ave. N.W.,DDOT, , , , , , ,1, , , , , , , , ,397228.432493,136406.131003,38.895499,-77.031949,466,,,,,,,,,,,
,350,CCTV-0026,14th St. and constitution Ave. N.W.,DDOT, , , , , , ,1, , , , , , , , ,397229.198502,136029.904004,38.89211,-77.031939,467,,,,,,,,,,,
,351,Powell Elementary School,1350 UPSHUR STREET NW,DCPS,2003,0,1,0,1,1,2,12,0,14,14,32,18, , ,397292.790498,141516.389999,38.941534,-77.031227,468,,,,,,,,,,,
,352,Brightwood Elementary School,1300 NICHOLSON STREET NW,DCPS,2007,0,0,1,1,2,5,17,0,22,22,32,10, , ,397340.189499,143625.699998,38.960535,-77.030689,469,,,,,,,,,,,
,353,Sharpe Health Special Education School,4300 13TH STREET NW,DCPS,1999,2,0,0,2,2,4,12,0,16,38,28,12, , ,397358.669494,141731.759999,38.943474,-77.030468,470,,,,,,,,,,,
,354,CCTV-0123,H St. and New York Ave. N.W.,DDOT, , , , , , ,1, , , , , , , , ,397427.516494,136926.995003,38.900192,-77.029656,471,,,,,,,,,,,
,412,CFSA @ 955 L'Enfant - Promanade Level& 5th Floor Suites,955 L'Enfant Promanade Level,PSD, , , , , , , , , , , , , , , ,397827.4395,135181.950003,38.884473,-77.02504,472,,,,,,,,,,,
,413,Woodrow Wilson Senior High School,3950 CHESAPEAKE STREET NW,DCPS,2005,0,0,2,2,2,8,55,0,63,63,64,1, , ,393258.179502,142475.959998,38.950156,-77.077776,473,,,,,,,,,,,
,414,CCTV-0044,Connecticut Ave. and Oliver St.,DDOT, , , , , , ,1, , , , , , , , ,393359.326499,144314.175,38.966716,-77.076627,474,,,,,,,,,,,
,415,Deal Junior High School,3815 FORT DRIVE NW,DCPS,1999,0,1,0,1,2,3,25,0,28,145,32,4, , ,393481.780497,142779.940002,38.952896,-77.075199,475,,,,,,,,,,,
,416,CCTV-0045,Connecticut Ave. and Military Rd. N.W.,DDOT, , , , , , ,1, , , , , , , , ,393646.557498,143681.562995,38.96102,-77.073306,476,,,,,,,,,,,
,417,CCTV-0042,Wisconsin Ave. and Massachusetts Ave. N.W.,DDOT, , , , , , ,1, , , , , , , , ,393660.008494,140088.506003,38.928652,-77.073118,477,,,,,,,,,,,
,418,CCTV-0052,Wisconsin Ave. and Calvert St. N.W.,DDOT, , , , , , ,1, , , , , , , , ,393677.754495,139410.393996,38.922544,-77.072907,478,,,,,,,,,,,
,419,Hearst Elementary School,3950 37TH STREET NW,DCPS,2003,0,1,0,1,1,3,11,0,14,14,32,18, , ,393761.889496,141428.279996,38.940722,-77.071955,479,,,,,,,,,,,
,420,CCTV-0046,Connecticut Ave. and Nebraska Ave. N.W.,DDOT, , , , , , ,1, , , , , , , , ,393896.925502,143127.905,38.956034,-77.070413,480,,,,,,,,,,,
,421,Duke Ellington Senior High School,3500 R STREET NW,DCPS,1999,0,1,0,1,2,1,15,0,16,22,32,16, , ,393902.400496,138400.269997,38.913446,-77.070308,481,,,,,,,,,,,
,422,Murch Elementary School,4810 36TH STREET NW,DCPS,2003,0,1,0,1,1,5,9,0,14,14,32,18, , ,393925.570502,142783.670004,38.952933,-77.070079,482,,,,,,,,,,,
,423,CCTV-0003,Key Bridge and M St. N.W.,DDOT, , , , , , ,1, , , , , , , , ,394044.9415,137474.420003,38.905107,-77.068656,483,,,,,,,,,,,
,424,Fillmore Arts Center @ Hardy Middle School,1819 35TH STREET NW,DCPS, , , , , , , , , , , , , , , ,394049.460495,138629.130005,38.915509,-77.068614,484,,,,,,,,,,,
,425,Lafayette Elementary School,5701 BROAD BRANCH ROAD NW,DCPS,2003,0,1,0,1,1,4,10,0,14,14,32,18, , ,394103.710496,144303.699995,38.966627,-77.068037,485,,,,,,,,,,,
,426,CCTV-0097,Wisconsin Ave. and Q St. N.W.,DDOT, , , , , , ,1, , , , , , , , ,394341.649497,138103.623002,38.910777,-77.06524,486,,,,,,,,,,,
,427,Hyde Elementary School,3219 O STREET NW,DCPS,2003,0,1,0,1,1,2,12,0,14,14,32,18, , ,394402.369493,137797.479996,38.908019,-77.064538,487,,,,,,,,,,,
,428,CCTV-0053,Connecticut Ave. and Van Ness St N.W.,DDOT, , , , , , ,1, , , , , , , , ,394543.096495,141699.052996,38.943167,-77.062946,488,,,,,,,,,,,
,429,CCTV-0028,Wisconsin Ave. and M St. N.W.,DDOT, , , , , , ,1, , , , , , , , ,394551.028495,137479.523004,38.905156,-77.062821,489,,,,,,,,,,,
,430,CCTV-0134,West military speed camera,DDOT, , , , , , ,1, , , , , , , , ,394626.290501,143680.879999,38.96102,-77.062002,490,,,,,,,,,,,
,431,Georgetown Recreation Center,3030 Q St. NW,DPR, , , , , , ,2,4,2, ,6, , , , ,394733.6005,138049.060004,38.910288,-77.060721,491,,,,,,,,,,,
,432,CCTV-0048,Connecticut Ave. and Macomb St. N.W.,DDOT, , , , , , ,1, , , , , , , , ,395030.838497,140626.781998,38.93351,-77.057312,492,,,,,,,,,,,
,433,Oyster-Adams Bilingual School,2801 CALVERT STREET NW-2020 19th ST NW,DCPS,1999,2,0,0,2,1,8,20,0,28,28,28,0, , ,395039.599493,139526.149998,38.923595,-77.057203,493,,,,,,,,,,,
,434,CCTV-0068,Pennsylvania Ave. and 28th St. N.W.,DDOT, , , , , , ,1, , , , , , , , ,395055.975501,137458.826001,38.904972,-77.057,494,,,,,,,,,,,
,435,CCTV-0041,27th St./ Whitehurst Freeway and K St. N.W.,DDOT, , , , , , ,1, , , , , , , , ,395132.959497,137189.729003,38.902549,-77.05611,495,,,,,,,,,,,
,436,CCTV-0131,Roosevelt Bridge,DDOT, , , , , , ,1, , , , , , , , ,395144.021495,136128.421996,38.892988,-77.055975,496,,,,,,,,,,,
,437,CCTV-0133,East military speed camera,DDOT, , , , , , ,1, , , , , , , , ,395210.471498,143682.212002,38.961035,-77.055262,497,,,,,,,,,,,
,438,1S,"I-395, CAMERA DIR - SOUTH",DDOT, , , , , , , , , , , , , , , ,398737.802837,136279.966379,38.894366,-77.01455,498,,,,,,,,,,,
,439,4S,"I-395, CAMERA DIR - SOUTH",DDOT, , , , , , , , , , , , , , , ,398768.801581,136309.427998,38.894631,-77.014192,499,,,,,,,,,,,
,440,12N,"I-395, CAMERA DIR - NORTH",DDOT, , , , , , , , , , , , , , , ,398789.628715,136210.539442,38.89374,-77.013952,500,,,,,,,,,,,
,441,9N,"I-395, CAMERA DIR - NORTH",DDOT, , , , , , , , , , , , , , , ,398776.876248,136218.433825,38.893812,-77.014099,501,,,,,,,,,,,
,442,5S,"I-395, CAMERA DIR - SOUTH",DDOT, , , , , , , , , , , , , , , ,398767.767342,136192.92889,38.893582,-77.014204,502,,,,,,,,,,,
,443,2S,"I-395, CAMERA DIR - SOUTH",DDOT, , , , , , , , , , , , , , , ,398750.156792,136166.816695,38.893347,-77.014407,503,,,,,,,,,,,
,444,3S,"I-395, CAMERA DIR - SOUTH",DDOT, , , , , , , , , , , , , , , ,398750.156792,136058.724349,38.892373,-77.014407,504,,,,,,,,,,,
,445,8N,"I-395, CAMERA DIR - NORTH",DDOT, , , , , , , , , , , , , , , ,398776.876248,136107.91244,38.892816,-77.014099,505,,,,,,,,,,,
,446,11N,"I-395, CAMERA DIR - NORTH",DDOT, , , , , , , , , , , , , , , ,398793.272277,136098.196274,38.892728,-77.01391,506,,,,,,,,,,,
,447,7N,"I-395, CAMERA DIR - NORTH",DDOT, , , , , , , , , , , , , , , ,398777.685927,136005.487856,38.891893,-77.014089,507,,,,,,,,,,,
,448,10N,"I-395, CAMERA DIR - NORTH",DDOT, , , , , , , , , , , , , , , ,398790.640815,135986.055524,38.891718,-77.01394,508,,,,,,,,,,,
,449,8S,"I-395, CAMERA DIR - SOUTH",DDOT, , , , , , , , , , , , , , , ,398768.779442,135857.316327,38.890558,-77.014192,509,,,,,,,,,,,
,450,9S,"I-395, CAMERA DIR - SOUTH",DDOT, , , , , , , , , , , , , , , ,398766.350402,135742.341698,38.889523,-77.01422,510,,,,,,,,,,,
,451,4N,"I-395, CAMERA DIR - NORTH",DDOT, , , , , , , , , , , , , , , ,398781.734329,135647.609079,38.888669,-77.014042,511,,,,,,,,,,,
,523,Ballou Senior High School,3401 4TH STREET SE,DCPS,2005,0,0,3,3,4,12,60,3,69,96,96,24, , ,399915.330499,130176.290001,38.839382,-77.000975,512,,,,,,,,,,,
,524,CCTV-0047,"Michigan Ave, 4th St, and Harewood Rd. N.E.",DDOT, , , , , , ,1, , , , , , , , ,399951.496495,140383.636997,38.931334,-77.000559,513,,,,,,,,,,,
,525,Simon Elementary School,401 MISSISSIPPI AVENUE SE,DCPS,1999,1,0,0,1,2,3,11,0,14,21,14,0, , ,399983.070497,129798.630005,38.83598,-77.000195,514,,,,,,,,,,,
,526,Stuart-Hobson Middle School,410 E STREET NE,DCPS,1999,0,1,0,1,2,1,14,0,15,15,32,17, , ,399999.619498,136494.279996,38.896297,-77.000004,515,,,,,,,,,,,
,527,School Within School @ Peabody,425 C STREET NE,DCPS, , , , , , , , , , , , , , , ,400012.320493,136116.699995,38.892896,-76.999858,516,,,,,,,,,,,
,528,Peabody Elementary School,425 C STREET NE,DCPS,1999,0,1,0,1,1,4,10,0,14,14,32,18, , ,400012.320493,136116.699995,38.892896,-76.999858,517,,,,,,,,,,,
,529,Hendley Elementary School,425 CHESAPEAKE STREET SE,DCPS,1999,1,0,0,1,2,2,12,0,14,14,14,0, , ,400070.780501,129022.180003,38.828986,-76.999185,518,,,,,,,,,,,
,530,Jackie Robinson Center,821 HOWARD ROAD SE,DCPS, , , , , , , , , , , , , , , ,400169.369498,132911.510002,38.864022,-76.998048,519,,,,,,,,,,,
,531,CCTV-0132,Suitland Parkway and Firth Sterling Ave. S.E.,DDOT, , , , , , ,1, , , , , , , , ,400196.203493,132727.930998,38.862369,-76.997739,520,,,,,,,,,,,
,532,Backus Middle School,5171 SOUTH DAKOTA AVENUE NE,DCPS,1999,0,1,0,1,2,0,16,0,16,16,32,16, , ,400236.860498,142826.559995,38.953341,-76.997267,521,,,,,,,,,,,
,533,CCTV-0136,Riggs Rd. and Eastern Ave. N.W.,DDOT, , , , , , ,1, , , , , , , , ,400239.095498,143745.358002,38.961617,-76.997241,522,,,,,,,,,,,
,534,Hart Middle School,601 MISSISSIPPI AVENUE SE,DCPS,1999,0,1,0,1,2,3,13,0,16,49,32,16, , ,400244.940502,129993.709997,38.837738,-76.997179,523,,,,,,,,,,,
,535,J.O. Wilson Elementary School,660 K STREET NE,DCPS,1999,1,0,0,1,2,3,11,0,14,29,14,0, , ,400295.869501,137211.429998,38.902758,-76.996589,524,,,,,,,,,,,
,536, ,1923 Vermont Ave NW,DOC, , , , , , ,1,1, , , , , , , ,397187.196493,137344.877996,38.903955,-77.032428,525,,,,,,,,,,,
,537, ,1901 D St SE,DOC, , , , , , ,1,1, , , , , , , ,402049.460496,135066.230004,38.883431,-76.976379,526,,,,,,,,,,,
,538,One Judiciary Square [OJS],"441 4th Street, NW",PSD, , , , , , ,7,43, , ,50, , , , ,398642.1795,136399.840003,38.895446,-77.015652,527,,,,,,,,,,,
,539,Reeves Center,"2000 14th Street, NW",PSD, , , , , , ,6,41, , ,47, , , , ,397189.880496,138842.230003,38.917444,-77.032404,528,,,,,,,,,,,
,491,CCTV-0100,South Capitol St. and Firth Sterling Ave. S.E.,DDOT, , , , , , ,1, , , , , , , , ,399697.292493,132540.157002,38.860677,-77.003488,529,,,,,,,,,,,
,492,Tyler Elementary School,1001 G STREET SE,DCPS,2003,0,1,0,1,1,2,12,0,14,14,32,18, , ,400690.520494,134805.51,38.881084,-76.992042,530,,,,,,,,,,,
,493,Watkins Elementary School,420 12TH STREET SE,DCPS,2003,0,1,0,1,1,4,10,0,14,18,32,18, , ,400867.920499,135070.019995,38.883467,-76.989997,531,,,,,,,,,,,
,494,North Michigan Park Recreation Center,1333 Emerson ST. NE,DPR, , , , , , , , , , ,7, , , , ,401180.450498,142451.51,38.949961,-76.986382,532,,,,,,,,,,,
,495,Payne Elementary School,305 15TH STREET SE,DCPS,1999,0,1,0,1,1,3,11,0,14,14,32,18, , ,401371.280501,135254.99,38.885132,-76.984195,533,,,,,,,,,,,
,496,Ketcham Elementary School,1919 15TH STREET SE,DCPS,2003,0,1,0,1,1,5,9,0,14,14,32,18, , ,401421.440494,133135.869999,38.866042,-76.983621,534,,,,,,,,,,,
,497,Moten Center @ Moten Elementary School,1565 MORRIS ROAD SE,DCPS, , , , , , , , , , , , , , , ,401480.430493,132093.890004,38.856656,-76.982944,535,,,,,,,,,,,
,498,CHOICE Academy Middle School/Junior High School @ Taft,1800 PERRY STREET NE,DCPS, , , , , , , , , , , , , , , ,401855.750495,140990.2,38.936796,-76.978596,536,,,,,,,,,,,
,499,"Incarcerated Youth Program, Correctional Detention Facility",1901 D ST SE,DCPS, , , , , , , , , , , , , , , ,402024.4605,135104.878004,38.883779,-76.976667,537,,,,,,,,,,,
,500,CCTV-0032,Rhode Island Ave. and S. Dakota Ave. N.E.,DDOT, , , , , , ,1, , , , , , , , ,402466.569492,140379.041004,38.931289,-76.971552,538,,,,,,,,,,,
,501,CCTV-0064,Pennsylvania Ave. and Minnesota Ave. S.E.,DDOT, , , , , , ,1, , , , , , , , ,402551.909502,133959.465002,38.873459,-76.970592,539,,,,,,,,,,,
,502,CCTV-0069,Alabama Ave. and Branch Ave. S.E.,DDOT, , , , , , ,1, , , , , , , , ,403557.975497,132679.615999,38.861926,-76.959005,540,,,,,,,,,,,
,503,CCTV-0034,Benning Rd. and East Capitol St.,DDOT, , , , , , ,1, , , , , , , , ,405418.272498,135771.996,38.889774,-76.937546,541,,,,,,,,,,,
,504,CCTV-0082,E. Capitol St. and 50th St.,DDOT, , , , , , ,1, , , , , , , , ,406064.3655,135775.665001,38.889803,-76.930099,542,,,,,,,,,,,
,505,H.D. Woodson Senior High School,5500 EADS STREET NE,DCPS,2005,0,0,2,2,2,7,31,0,38,38,64,26, , ,406704.960494,136485.520003,38.896193,-76.922708,543,,,,,,,,,,,
,506,CCTV-0037,E. Capitol St. and Southern Ave.,DDOT, , , , , , ,1, , , , , , , , ,407518.244493,135773.453996,38.889772,-76.913341,544,,,,,,,,,,,
,507,CCTV-0015,Georgia Ave. and Eastern Ave. N.W.,DDOT, , , , , , ,1, , , , , , , , ,397693.802493,146299.224998,38.98462,-77.026618,545,,,,,,,,,,,
,508,Meyer Elementary School,2501 11TH STREET NW,DCPS,2003,0,1,0,1,1,3,11,0,14,46,32,18, , ,397694.000493,139439.499997,38.922826,-77.026593,546,,,,,,,,,,,
,509,CCTV-0011,Piney Branch Ave. and Eastern Ave.,DDOT, , , , , , ,1, , , , , , , , ,397707.210499,145716.717999,38.979373,-77.026461,547,,,,,,,,,,,
,510,Raymond Elementary School,915 SPRING ROAD NW,DCPS,2003,0,1,0,1,1,2,13,0,15,15,32,17, , ,397708.280494,140880.940003,38.935811,-77.026433,548,,,,,,,,,,,
,511,Garnet-Patterson Middle School,2001 10TH STREET NW,DCPS,1999,0,1,0,1,2,1,15,0,16,19,32,16, , ,397767.000496,138853.229998,38.917545,-77.025749,549,,,,,,,,,,,
,512,CCTV-0018,Georgia Ave. and Kansas Ave. N.W.,DDOT, , , , , , ,1, , , , , , , , ,397779.785496,141603.723999,38.942322,-77.02561,550,,,,,,,,,,,
,513,Truesdell Elementary School,800 INGRAHAM STREET NW,DCPS,1999,2,0,0,2,2,6,14,0,20,20,28,8, , ,397826.840499,142896.549998,38.953968,-77.025072,551,,,,,,,,,,,
,514,Shaw Junior High School,925 RHODE ISLAND AVENUE NW,DCPS,1999,0,1,0,1,1,3,11,0,14,32,32,18, , ,397835.159497,138255.360002,38.912159,-77.024961,552,,,,,,,,,,,
,515,Seaton Elementary School,1503 10TH STREET NW,DCPS,1999,1,0,0,1,2,4,10,0,14,14,14,0, , ,397841.919496,138084.319996,38.910618,-77.024882,553,,,,,,,,,,,
,516,CCTV-0067,Pennsylvania Ave. and 9th St. N.W.,DDOT, , , , , , ,1, , , , , , , , ,397920.1995,136225.888998,38.893877,-77.023974,554,,,,,,,,,,,
,517,School Without Walls Senior High School @ Emery,215 G STREET NE,DCPS,1999,2,0,0,2,2,0,16,0,16,53,28,12, , ,399777.435494,136742.114997,38.89853,-77.002566,555,,,,,,,,,,,
,518,Shaed Elementary School,301 DOUGLAS STREET NE,DCPS,2003,0,1,0,1,1,3,11,0,14,19,32,18, , ,399779.051497,139532.008002,38.923662,-77.002548,556,,,,,,,,,,,
,0, ,14th Street and Park Road NW,DDOT, , , , , , , , , , , , , , , ,0,0,0,0,557,,,,,,,,,,,
,0, ,East Capitol St and 19th St,DDOT, , , , , , , , , , , , , , , ,0,0,0,0,558,,,,,,,,,,,
,0, ,1st St and N St SE,DDOT, , , , , , , , , , , , , , , ,0,0,0,0,559,,,,,,,,,,,
,0, ,1st St and M St SE,DDOT, , , , , , , , , , , , , , , ,0,0,0,0,560,,,,,,,,,,,
,0, ,1st St and Potomac Ave SE,DDOT, , , , , , , , , , , , , , , ,0,0,0,0,561,,,,,,,,,,,
,0,Support Services,1325 S St. NW,DPR, , , , , , , , , , ,6, , , , ,0,0,0,0,562,,,,,,,,,,,
,0,Guy Mason,3600 Calvert St. NW,DPR, , , , , , , , , , ,16, , , , ,0,0,0,0,563,,,,,,,,,,,
,0, , , , , , , , , , , , , , , , , , ,0,0,0,0,564,,,,,,,,,,,
,0,Wilson Recreation Center,"4551 Fort Drive, NW",DPR, , , , , , , , , , ,16, , , , ,0,0,0,0,565,,,,,,,,,,,
,0,Riggs LaSalle,501 Riggs Road NE,DPR, , , , , , , , , , ,16, , , , ,0,0,0,0,566,,,,,,,,,,,
,0, , , , , , , , , , , , , , , , , , ,0,0,0,0,567,,,,,,,,,,,
,0,Child Advocacy Center (Bundy School),"429 O St, NW",PSD, , , , , , ,10,14, , ,24, , , , ,0,0,0,0,568,,,,,,,,,,,
,0,Child and Family Services,"3700 10th St, NW",PSD, , , , , , ,6,6, , ,12, , , , ,0,0,0,0,569,,,,,,,,,,,
,0,Eastern Market,"225 7th St, SE",PSD, , , , , , ,0,7, , ,7, , , , ,0,0,0,0,570,,,,,,,,,,,
,0,District Department of the Environment,"1200 1st St, NE",PSD, , , , , , ,0,11, , ,11, , , , ,0,0,0,0,571,,,,,,,,,,,
,0,Ofc. of the State Superintendent of Ed.,"810 1st St, NE",PSD, , , , , , ,0,6, , ,6, , , , ,0,0,0,0,572,,,,,,,,,,,
,0,Benning Terrace,4550 G Street SE,DCHA, , , , , , , , , , , , , , , ,0,0,0,0,573,,,,,,,,,,,
,0,Hopkins Apartments,1430 L Street SE,DCHA, , , , , , , , , , , , , , , ,0,0,0,0,574,,,,,,,,,,,
,0,Kentucky Courts,340 13th Street SE,DCHA, , , , , , , , , , , , , , , ,0,0,0,0,575,,,,,,,,,,,
,0,Montana Terrace,"1625 Montana Ave, NE",DCHA, , , , , , , , , , , , , , , ,0,0,0,0,576,,,,,,,,,,,
,0,Villager,"3810 Southern Ave, SE",DCHA, , , , , , , , , , , , , , , ,0,0,0,0,577,,,,,,,,,,,
,0,Woodland Terrace,"2313 Ainger Place, SE",DCHA, , , , , , , , , , , , , , , ,0,0,0,0,578,,,,,,,,,,,
801,0, ,"13th St. and H St. and New York Ave., NW",DDOT,, , , ,, ,,, ,,,,, ,,397429.539964,136884.45398,38.899809,-77.029633,911,0,0, , , , , , , , , 
802,0, ,"17th St and Benning Rd., NE",DDOT,, , , ,, ,,, ,,,,, ,,401795.991872,136840.078428,38.899411,-76.979296,912,0,0, , , , , , , , , 
803,0, ,"17th St. and Lower E St., NW",DDOT,, , , ,, ,,, ,,,,, ,,396576.562491,136395.03126,38.895397,-77.039464,913,0,0, , , , , , , , , 
804,0, ,"19th St. and Pennsylvania Ave. and H St., NW",DDOT,, , , ,, ,,, ,,,,, ,,396229.906266,136928.625021,38.900202,-77.043462,914,0,0, , , , , , , , , 
805,0, ,"3rd St. and H St. and Massachusetts Ave., NW",DDOT,, , , ,, ,,, ,,,,, ,,398685.405501,136884.463708,38.899812,-77.015155,915,0,0, , , , , , , , , 
806,0, ,"3rd St. and M St., NW",DDOT,, , , ,, ,,, ,,,,, ,,398677.843837,137532.630077,38.905651,-77.015243,916,0,0, , , , , , , , , 
807,0, ,"7th St. and E St. and Frontage Rd., SW",DDOT,, , , ,, ,,, ,,,,, ,,398099.3655,135044.790011,38.883238,-77.021906,917,0,0, , , , , , , , , 
808,0, ,"Benning Rd, and Kennilworth Ramp, NE",DDOT,, , , ,, ,,, ,,,,, ,,404169.510274,136421.698652,38.895634,-76.951936,918,0,0, , , , , , , , , 
809,0, ,"Delaware Ave and I St., NW",DDOT,, , , ,, ,,, ,,,,, ,,398875.790013,134605.979994,38.879286,-77.012956,919,0,0, , , , , , , , , 
810,0, ,"First St. and N St., SE",DDOT,, , , ,, ,,, ,,,,, ,,399491.170013,134089.659994,38.874636,-77.005864,920,0,0, , , , , , , , , 
811,0, ,"First St. and Potomac Ave., SE",DDOT,, , , ,, ,,, ,,,,, ,,399489.325069,133794.500754,38.871977,-77.005885,921,0,0, , , , , , , , , 
812,0, ,"First St., and M St., SE",DDOT,, , , ,, ,,, ,,,,, ,,399490.418621,134294.611162,38.876482,-77.005873,922,0,0, , , , , , , , , 
813,0, ,"H St. and Benning Rd., NE",DDOT,, , , ,, ,,, ,,,,, ,,401436.265631,136919.946236,38.900131,-76.983442,923,0,0, , , , , , , , , 
814,0, ,"H St. and Connecticut Ave. and Jackson Pl., NW",DDOT,, , , ,, ,,, ,,,,, ,,396707.634299,136928.358557,38.900202,-77.037955,924,0,0, , , , , , , , , 
815,0, ,H St. and Union Station NE,DDOT,, , , ,, ,,, ,,,,, ,,399213.820477,136928.417149,38.900208,-77.009063,925,0,0, , , , , , , , , 
816,0, ,"H St. and Vermont Ave. and Madison Ave., NW",DDOT,, , , ,, ,,, ,,,,, ,,396952.780987,136928.312253,38.900202,-77.035129,926,0,0, , , , , , , , , 
817,0, ,South Capitol St. and Southern Ave.,DDOT,, , , ,, ,,, ,,,,, ,,399885.850014,128167.24002,38.821284,-77.001314,927,0,0, , , , , , , , , 
818,0, ,South Capitol St. and Suitland Pkwy.,DDOT,, , , ,, ,,, ,,,,, ,,399847.987006,132980.276249,38.864642,-77.001752,928,0,0, , , , , , , , , 
